data_i;cod_staz;cod_aggr;tmxgg;cl_tmxgg;tmngg;cl_tmngg;tmdgg;tmdgg1;deltagg;day_gelo;cl_tist;t00;t01;t02;t03;t04;t05;t06;t07;t08;t09;t10;t11;t12;t13;t14;t15;t16;t17;t18;t19;t20;t21;t22;t23
2021-01-01 00:00:00;6660;4;((24, 1), 8.8, 2.5, 4.4, '2021-01-01T15:00:00');;((24, 1), 0.2, 2.4, 3.3, '2021-01-01T03:00:00');;((24, 1), 3.8, 2.5);;;;;;;;;;;;;;;;;;;;;;;;;;;;
2021-01-02 00:00:00;6660;4;((24, 1), 13.1, 3.4, 7.7, '2021-01-02T14:00:00');;((24, 1), 1.5, 3.3, 6.3, '2021-01-02T04:00:00');;((24, 1), 7.0, 3.4);;;;;;;;;;;;;;;;;;;;;;;;;;;;
2021-01-03 00:00:00;6660;4;((24, 1), 13.5, 2.4, 8.9, '2021-01-03T13:00:00');;((24, 1), 4.8, 2.3, 7.9, '2021-01-03T23:00:00');;((24, 1), 8.4, 2.4);;;;;;;;;;;;;;;;;;;;;;;;;;;;
2021-01-04 00:00:00;6660;4;((24, 1), 14.5, 3.7, 7.5, '2021-01-04T11:00:00');;((24, 1), 3.3, 3.2, 6.2, '2021-01-04T23:00:00');;((24, 1), 6.8, 3.5);;;;;;;;;;;;;;;;;;;;;;;;;;;;
2021-01-05 00:00:00;6660;4;((24, 1), 10.3, 2.2, 5.4, '2021-01-05T14:00:00');;((24, 1), 2.0, 1.9, 4.5, '2021-01-05T03:00:00');;((24, 1), 4.9, 2.0);;;;;;;;;;;;;;;;;;;;;;;;;;;;
2021-01-06 00:00:00;6660;4;((24, 1), 13.7, 4.0, 7.1, '2021-01-06T11:00:00');;((24, 1), 1.5, 3.9, 5.5, '2021-01-06T06:00:00');;((24, 1), 6.2, 4.0);;;;;;;;;;;;;;;;;;;;;;;;;;;;
2021-01-07 00:00:00;6660;4;((24, 1), 9.8, 2.7, 5.6, '2021-01-07T12:00:00');;((24, 1), 0.6, 2.8, 4.8, '2021-01-07T03:00:00');;((24, 1), 5.2, 2.8);;;;;;;;;;;;;;;;;;;;;;;;;;;;
2021-01-08 00:00:00;6660;4;((24, 1), 6.2, 0.4, 5.4, '2021-01-08T15:00:00');;((24, 1), 4.5, 0.4, 5.1, '2021-01-08T08:00:00');;((24, 1), 5.3, 0.4);;;;;;;;;;;;;;;;;;;;;;;;;;;;
2021-01-09 00:00:00;6660;4;((24, 1), 6.6, 0.9, 5.0, '2021-01-09T11:00:00');;((24, 1), 3.7, 0.8, 4.7, '2021-01-09T17:00:00');;((24, 1), 4.9, 0.9);;;;;;;;;;;;;;;;;;;;;;;;;;;;
2021-01-10 00:00:00;6660;4;((24, 1), 5.8, 0.7, 4.5, '2021-01-10T14:00:00');;((24, 1), 3.1, 0.7, 4.3, '2021-01-10T18:00:00');;((24, 1), 4.4, 0.7);;;;;;;;;;;;;;;;;;;;;;;;;;;;
2021-01-11 00:00:00;6660;4;((24, 1), 6.1, 0.6, 5.0, '2021-01-11T12:00:00');;((24, 1), 3.9, 0.6, 4.7, '2021-01-11T23:00:00');;((24, 1), 4.8, 0.6);;;;;;;;;;;;;;;;;;;;;;;;;;;;
2021-01-12 00:00:00;6660;4;((24, 1), 7.9, 2.2, 4.6, '2021-01-12T11:00:00');;((24, 1), 0.1, 2.1, 3.9, '2021-01-12T23:00:00');;((24, 1), 4.2, 2.2);;;;;;;;;;;;;;;;;;;;;;;;;;;;
2021-01-13 00:00:00;6660;4;((24, 1), 12.1, 4.6, 4.4, '2021-01-13T12:00:00');;((24, 1), -1.5, 4.3, 3.0, '2021-01-13T04:00:00');;((24, 1), 3.7, 4.5);;;;;;;;;;;;;;;;;;;;;;;;;;;;
2021-01-14 00:00:00;6660;4;((24, 1), 15.4, 5.4, 7.2, '2021-01-14T14:00:00');;((24, 1), -0.3, 5.1, 5.9, '2021-01-14T04:00:00');;((24, 1), 6.6, 5.3);;;;;;;;;;;;;;;;;;;;;;;;;;;;
2021-01-15 00:00:00;6660;4;((24, 1), 8.9, 1.5, 6.4, '2021-01-15T12:00:00');;((24, 1), 2.8, 1.5, 5.8, '2021-01-15T23:00:00');;((24, 1), 6.1, 1.5);;;;;;;;;;;;;;;;;;;;;;;;;;;;
2021-01-16 00:00:00;6660;4;((24, 1), 8.1, 2.4, 3.7, '2021-01-16T13:00:00');;((24, 1), -0.2, 2.0, 2.9, '2021-01-16T23:00:00');;((24, 1), 3.3, 2.2);;;;;;;;;;;;;;;;;;;;;;;;;;;;
2021-01-17 00:00:00;6660;4;((24, 1), 7.1, 3.0, 2.8, '2021-01-17T13:00:00');;((24, 1), -2.1, 3.0, 2.0, '2021-01-17T03:00:00');;((24, 1), 2.4, 3.0);;;;;;;;;;;;;;;;;;;;;;;;;;;;
2021-01-18 00:00:00;6660;4;((24, 1), 13.3, 3.7, 5.1, '2021-01-18T13:00:00');;((24, 1), 0.8, 3.1, 3.8, '2021-01-18T21:00:00');;((24, 1), 4.5, 3.4);;;;;;;;;;;;;;;;;;;;;;;;;;;;
2021-01-19 00:00:00;6660;4;((24, 1), 13.4, 5.0, 5.4, '2021-01-19T11:00:00');;((24, 1), -0.7, 4.6, 4.0, '2021-01-19T06:00:00');;((24, 1), 4.7, 4.9);;;;;;;;;;;;;;;;;;;;;;;;;;;;
2021-01-20 00:00:00;6660;4;((24, 1), 16.2, 5.4, 7.3, '2021-01-20T10:00:00');;((24, 1), 0.7, 5.0, 5.7, '2021-01-20T01:00:00');;((24, 1), 6.5, 5.2);;;;;;;;;;;;;;;;;;;;;;;;;;;;
2021-01-21 00:00:00;6660;4;((24, 1), 13.0, 3.3, 7.2, '2021-01-21T14:00:00');;((24, 1), 2.1, 3.1, 6.0, '2021-01-21T02:00:00');;((24, 1), 6.6, 3.2);;;;;;;;;;;;;;;;;;;;;;;;;;;;
2021-01-22 00:00:00;6660;4;((24, 1), 16.8, 3.4, 13.0, '2021-01-22T15:00:00');;((24, 1), 5.3, 3.4, 11.2, '2021-01-22T00:00:00');;((24, 1), 12.1, 3.4);;;;;;;;;;;;;;;;;;;;;;;;;;;;
2021-01-23 00:00:00;6660;4;((24, 1), 15.6, 1.4, 12.7, '2021-01-23T11:00:00');;((24, 1), 9.5, 1.2, 11.4, '2021-01-23T00:00:00');;((24, 1), 12.0, 1.3);;;;;;;;;;;;;;;;;;;;;;;;;;;;
2021-01-24 00:00:00;6660;4;((24, 1), 12.9, 2.2, 9.8, '2021-01-24T02:00:00');;((24, 1), 5.5, 2.1, 8.9, '2021-01-24T22:00:00');;((24, 1), 9.3, 2.1);;;;;;;;;;;;;;;;;;;;;;;;;;;;
2021-01-25 00:00:00;6660;4;((24, 1), 8.4, 1.1, 6.2, '2021-01-25T11:00:00');;((24, 1), 3.0, 1.3, 5.2, '2021-01-25T04:00:00');;((24, 1), 5.7, 1.2);;;;;;;;;;;;;;;;;;;;;;;;;;;;
2021-01-26 00:00:00;6660;4;((24, 1), 10.4, 2.8, 6.0, '2021-01-26T13:00:00');;((24, 1), 2.2, 2.7, 5.1, '2021-01-26T22:00:00');;((24, 1), 5.5, 2.8);;;;;;;;;;;;;;;;;;;;;;;;;;;;
2021-01-27 00:00:00;6660;4;((24, 1), 12.1, 3.8, 5.5, '2021-01-27T12:00:00');;((24, 1), 1.2, 3.3, 4.5, '2021-01-27T06:00:00');;((24, 1), 4.9, 3.5);;;;;;;;;;;;;;;;;;;;;;;;;;;;
2021-01-28 00:00:00;6660;4;((24, 1), 13.4, 4.2, 6.4, '2021-01-28T11:00:00');;((24, 1), 1.2, 3.8, 5.3, '2021-01-28T07:00:00');;((24, 1), 5.8, 4.0);;;;;;;;;;;;;;;;;;;;;;;;;;;;
2021-01-29 00:00:00;6660;4;((24, 1), 13.2, 4.0, 7.4, '2021-01-29T14:00:00');;((24, 1), 1.6, 3.8, 6.1, '2021-01-29T04:00:00');;((24, 1), 6.7, 3.9);;;;;;;;;;;;;;;;;;;;;;;;;;;;
2021-01-30 00:00:00;6660;4;((24, 1), 19.8, 6.1, 10.2, '2021-01-30T14:00:00');;((24, 1), 0.6, 6.0, 8.4, '2021-01-30T06:00:00');;((24, 1), 9.3, 6.0);;;;;;;;;;;;;;;;;;;;;;;;;;;;
2021-01-31 00:00:00;6660;4;((24, 1), 19.6, 3.4, 11.3, '2021-01-31T11:00:00');;((24, 1), 7.9, 2.6, 10.1, '2021-01-31T19:00:00');;((24, 1), 10.6, 3.1);;;;;;;;;;;;;;;;;;;;;;;;;;;;
2021-02-01 00:00:00;6660;4;((24, 1), 13.4, 2.0, 9.8, '2021-02-01T14:00:00');;((24, 1), 7.4, 1.6, 9.2, '2021-02-01T06:00:00');;((24, 1), 9.5, 1.8);;;;;;;;;;;;;;;;;;;;;;;;;;;;
2021-02-02 00:00:00;6660;4;((24, 1), 11.9, 1.3, 9.4, '2021-02-02T13:00:00');;((24, 1), 7.3, 1.2, 8.8, '2021-02-02T19:00:00');;((24, 1), 9.1, 1.3);;;;;;;;;;;;;;;;;;;;;;;;;;;;
2021-02-03 00:00:00;6660;4;((24, 1), 18.1, 4.3, 11.0, '2021-02-03T13:00:00');;((24, 1), 5.1, 4.1, 9.7, '2021-02-03T07:00:00');;((24, 1), 10.3, 4.3);;;;;;;;;;;;;;;;;;;;;;;;;;;;
2021-02-04 00:00:00;6660;4;((24, 1), 19.7, 5.1, 11.4, '2021-02-04T12:00:00');;((24, 1), 5.2, 4.7, 10.1, '2021-02-04T07:00:00');;((24, 1), 10.8, 4.9);;;;;;;;;;;;;;;;;;;;;;;;;;;;
2021-02-05 00:00:00;6660;4;((24, 1), 16.7, 3.7, 10.7, '2021-02-05T12:00:00');;((24, 1), 4.7, 3.6, 9.7, '2021-02-05T07:00:00');;((24, 1), 10.2, 3.7);;;;;;;;;;;;;;;;;;;;;;;;;;;;
2021-02-06 00:00:00;6660;4;((24, 1), 14.6, 1.5, 11.7, '2021-02-06T14:00:00');;((24, 1), 10.0, 1.2, 11.2, '2021-02-06T23:00:00');;((24, 1), 11.4, 1.4);;;;;;;;;;;;;;;;;;;;;;;;;;;;
2021-02-07 00:00:00;6660;4;((24, 1), 19.8, 3.7, 13.6, '2021-02-07T12:00:00');;((24, 1), 8.8, 3.2, 12.6, '2021-02-07T07:00:00');;((24, 1), 13.1, 3.5);;;;;;;;;;;;;;;;;;;;;;;;;;;;
2021-02-08 00:00:00;6660;4;((24, 1), 17.6, 2.1, 13.4, '2021-02-08T15:00:00');;((24, 1), 8.2, 2.3, 12.1, '2021-02-08T06:00:00');;((24, 1), 12.7, 2.2);;;;;;;;;;;;;;;;;;;;;;;;;;;;
2021-02-09 00:00:00;6660;4;((24, 1), 17.1, 2.5, 12.9, '2021-02-09T14:00:00');;((24, 1), 9.6, 2.4, 11.8, '2021-02-09T05:00:00');;((24, 1), 12.3, 2.5);;;;;;;;;;;;;;;;;;;;;;;;;;;;
2021-02-10 00:00:00;6660;4;((24, 1), 18.2, 3.2, 13.2, '2021-02-10T13:00:00');;((24, 1), 8.5, 3.0, 11.7, '2021-02-10T07:00:00');;((24, 1), 12.4, 3.1);;;;;;;;;;;;;;;;;;;;;;;;;;;;
2021-02-11 00:00:00;6660;4;((24, 1), 16.0, 3.6, 10.2, '2021-02-11T12:00:00');;((24, 1), 4.3, 3.5, 8.9, '2021-02-11T07:00:00');;((24, 1), 9.5, 3.5);;;;;;;;;;;;;;;;;;;;;;;;;;;;
2021-02-12 00:00:00;6660;4;((24, 1), 6.3, 1.2, 5.5, '2021-02-12T00:00:00');;((24, 1), 2.1, 1.3, 5.2, '2021-02-12T23:00:00');;((24, 1), 5.3, 1.2);;;;;;;;;;;;;;;;;;;;;;;;;;;;
2021-02-13 00:00:00;6660;4;((24, 1), 3.4, 1.1, 0.9, '2021-02-13T12:00:00');;((24, 1), -1.6, 0.9, 0.3, '2021-02-13T23:00:00');;((24, 1), 0.6, 0.9);;;;;;;;;;;;;;;;;;;;;;;;;;;;
2021-02-14 00:00:00;6660;4;((24, 1), 5.1, 2.6, 1.5, '2021-02-14T12:00:00');;((24, 1), -2.5, 2.2, 0.5, '2021-02-14T05:00:00');;((24, 1), 1.0, 2.4);;;;;;;;;;;;;;;;;;;;;;;;;;;;
2021-02-15 00:00:00;6660;4;((24, 1), 7.5, 3.2, 2.9, '2021-02-15T11:00:00');;((24, 1), -0.8, 3.0, 2.0, '2021-02-15T23:00:00');;((24, 1), 2.5, 3.1);;;;;;;;;;;;;;;;;;;;;;;;;;;;
2021-02-16 00:00:00;6660;4;((24, 1), 12.7, 5.0, 5.3, '2021-02-16T14:00:00');;((24, 1), -1.2, 4.7, 3.8, '2021-02-16T07:00:00');;((24, 1), 4.5, 4.8);;;;;;;;;;;;;;;;;;;;;;;;;;;;
2021-02-17 00:00:00;6660;4;((24, 1), 17.8, 5.5, 8.9, '2021-02-17T13:00:00');;((24, 1), 0.8, 5.2, 7.5, '2021-02-17T02:00:00');;((24, 1), 8.1, 5.3);;;;;;;;;;;;;;;;;;;;;;;;;;;;
2021-02-18 00:00:00;6660;4;((24, 1), 17.1, 4.2, 10.4, '2021-02-18T11:00:00');;((24, 1), 5.0, 3.8, 9.2, '2021-02-18T05:00:00');;((24, 1), 9.8, 3.9);;;;;;;;;;;;;;;;;;;;;;;;;;;;
2021-02-19 00:00:00;6660;4;((24, 1), 17.7, 4.3, 10.9, '2021-02-19T12:00:00');;((24, 1), 6.1, 4.0, 9.7, '2021-02-19T07:00:00');;((24, 1), 10.3, 4.2);;;;;;;;;;;;;;;;;;;;;;;;;;;;
2021-02-20 00:00:00;6660;4;((24, 1), 18.1, 4.6, 11.1, '2021-02-20T14:00:00');;((24, 1), 5.4, 4.3, 9.9, '2021-02-20T05:00:00');;((24, 1), 10.5, 4.4);;;;;;;;;;;;;;;;;;;;;;;;;;;;
2021-02-21 00:00:00;6660;4;((24, 1), 15.8, 3.9, 10.2, '2021-02-21T12:00:00');;((24, 1), 4.9, 3.7, 9.1, '2021-02-21T04:00:00');;((24, 1), 9.7, 3.8);;;;;;;;;;;;;;;;;;;;;;;;;;;;
2021-02-22 00:00:00;6660;4;((24, 1), 14.5, 3.2, 9.5, '2021-02-22T14:00:00');;((24, 1), 4.8, 3.1, 8.6, '2021-02-22T05:00:00');;((24, 1), 9.0, 3.1);;;;;;;;;;;;;;;;;;;;;;;;;;;;
2021-02-23 00:00:00;6660;4;((24, 1), 16.3, 4.5, 10.1, '2021-02-23T11:00:00');;((24, 1), 3.6, 4.2, 8.8, '2021-02-23T04:00:00');;((24, 1), 9.4, 4.3);;;;;;;;;;;;;;;;;;;;;;;;;;;;
2021-02-24 00:00:00;6660;4;((24, 1), 22.0, 5.1, 14.1, '2021-02-24T12:00:00');;((24, 1), 6.3, 5.2, 12.4, '2021-02-24T00:00:00');;((24, 1), 13.2, 5.2);;;;;;;;;;;;;;;;;;;;;;;;;;;;
2021-02-25 00:00:00;6660;4;((24, 1), 21.8, 4.8, 14.0, '2021-02-25T12:00:00');;((24, 1), 8.6, 4.4, 12.7, '2021-02-25T06:00:00');;((24, 1), 13.3, 4.6);;;;;;;;;;;;;;;;;;;;;;;;;;;;
2021-02-26 00:00:00;6660;4;((24, 1), 21.2, 4.2, 14.1, '2021-02-26T12:00:00');;((24, 1), 9.5, 3.9, 12.8, '2021-02-26T20:00:00');;((24, 1), 13.5, 4.1);;;;;;;;;;;;;;;;;;;;;;;;;;;;
2021-02-27 00:00:00;6660;4;((24, 1), 20.7, 4.4, 13.8, '2021-02-27T10:00:00');;((24, 1), 7.4, 4.1, 12.5, '2021-02-27T23:00:00');;((24, 1), 13.2, 4.2);;;;;;;;;;;;;;;;;;;;;;;;;;;;
2021-02-28 00:00:00;6660;4;((24, 1), 16.8, 4.4, 9.2, '2021-02-28T11:00:00');;((24, 1), 3.4, 3.9, 7.9, '2021-02-28T22:00:00');;((24, 1), 8.5, 4.1);;;;;;;;;;;;;;;;;;;;;;;;;;;;
2021-03-01 00:00:00;6660;4;((24, 1), 15.5, 4.6, 8.6, '2021-03-01T13:00:00');;((24, 1), 3.0, 4.3, 7.5, '2021-03-01T06:00:00');;((24, 1), 8.1, 4.5);;;;;;;;;;;;;;;;;;;;;;;;;;;;
2021-03-02 00:00:00;6660;4;((24, 1), 17.1, 4.6, 9.6, '2021-03-02T12:00:00');;((24, 1), 4.1, 4.2, 8.5, '2021-03-02T06:00:00');;((24, 1), 9.0, 4.4);;;;;;;;;;;;;;;;;;;;;;;;;;;;
2021-03-03 00:00:00;6660;4;((24, 1), 17.9, 4.8, 10.0, '2021-03-03T13:00:00');;((24, 1), 4.7, 4.4, 8.8, '2021-03-03T06:00:00');;((24, 1), 9.4, 4.6);;;;;;;;;;;;;;;;;;;;;;;;;;;;
2021-03-04 00:00:00;6660;4;((24, 1), 17.8, 4.6, 11.4, '2021-03-04T12:00:00');;((24, 1), 4.7, 4.7, 10.0, '2021-03-04T06:00:00');;((24, 1), 10.7, 4.7);;;;;;;;;;;;;;;;;;;;;;;;;;;;
2021-03-05 00:00:00;6660;4;((24, 1), 17.1, 4.4, 10.8, '2021-03-05T10:00:00');;((24, 1), 4.0, 4.4, 9.5, '2021-03-05T00:00:00');;((24, 1), 10.2, 4.4);;;;;;;;;;;;;;;;;;;;;;;;;;;;
2021-03-06 00:00:00;6660;4;((24, 1), 11.1, 1.2, 8.9, '2021-03-06T13:00:00');;((24, 1), 7.3, 1.0, 8.4, '2021-03-06T09:00:00');;((24, 1), 8.6, 1.1);;;;;;;;;;;;;;;;;;;;;;;;;;;;
2021-03-07 00:00:00;6660;4;((24, 1), 10.5, 1.6, 8.1, '2021-03-07T11:00:00');;((24, 1), 5.7, 1.4, 7.5, '2021-03-07T06:00:00');;((24, 1), 7.8, 1.5);;;;;;;;;;;;;;;;;;;;;;;;;;;;
2021-03-08 00:00:00;6660;4;((24, 1), 10.6, 1.8, 8.0, '2021-03-08T13:00:00');;((24, 1), 5.4, 1.7, 7.6, '2021-03-08T01:00:00');;((24, 1), 7.8, 1.8);;;;;;;;;;;;;;;;;;;;;;;;;;;;
2021-03-09 00:00:00;6660;4;((24, 1), 8.3, 1.0, 7.1, '2021-03-09T13:00:00');;((24, 1), 5.0, 1.0, 6.7, '2021-03-09T21:00:00');;((24, 1), 6.9, 1.0);;;;;;;;;;;;;;;;;;;;;;;;;;;;
2021-03-10 00:00:00;6660;4;((24, 1), 12.5, 2.7, 8.5, '2021-03-10T15:00:00');;((24, 1), 4.5, 2.5, 7.7, '2021-03-10T23:00:00');;((24, 1), 8.1, 2.6);;;;;;;;;;;;;;;;;;;;;;;;;;;;
2021-03-11 00:00:00;6660;4;((24, 1), 16.1, 4.7, 9.5, '2021-03-11T13:00:00');;((24, 1), 3.1, 4.5, 8.4, '2021-03-11T05:00:00');;((24, 1), 9.0, 4.6);;;;;;;;;;;;;;;;;;;;;;;;;;;;
2021-03-12 00:00:00;6660;4;((24, 1), 16.6, 3.2, 13.0, '2021-03-12T15:00:00');;((24, 1), 6.1, 3.5, 11.8, '2021-03-12T00:00:00');;((24, 1), 12.4, 3.3);;;;;;;;;;;;;;;;;;;;;;;;;;;;
2021-03-13 00:00:00;6660;4;((24, 1), 18.1, 3.7, 13.1, '2021-03-13T12:00:00');;((24, 1), 6.6, 3.9, 11.7, '2021-03-13T23:00:00');;((24, 1), 12.4, 3.8);;;;;;;;;;;;;;;;;;;;;;;;;;;;
2021-03-14 00:00:00;6660;4;((24, 1), 19.8, 4.1, 13.0, '2021-03-14T13:00:00');;((24, 1), 5.8, 4.0, 11.0, '2021-03-14T20:00:00');;((24, 1), 12.1, 4.1);;;;;;;;;;;;;;;;;;;;;;;;;;;;
2021-03-15 00:00:00;6660;4;((24, 1), 14.8, 3.5, 9.6, '2021-03-15T13:00:00');;((24, 1), 4.6, 3.5, 8.5, '2021-03-15T06:00:00');;((24, 1), 9.0, 3.5);;;;;;;;;;;;;;;;;;;;;;;;;;;;
2021-03-16 00:00:00;6660;4;((24, 1), 14.3, 3.3, 8.1, '2021-03-16T10:00:00');;((24, 1), 3.6, 2.6, 7.0, '2021-03-16T23:00:00');;((24, 1), 7.6, 3.0);;;;;;;;;;;;;;;;;;;;;;;;;;;;
2021-03-17 00:00:00;6660;4;((24, 1), 14.3, 4.1, 7.3, '2021-03-17T10:00:00');;((24, 1), 2.6, 3.5, 6.0, '2021-03-17T05:00:00');;((24, 1), 6.6, 3.8);;;;;;;;;;;;;;;;;;;;;;;;;;;;
2021-03-18 00:00:00;6660;4;((24, 1), 11.1, 2.8, 4.6, '2021-03-18T09:00:00');;((24, 1), 1.3, 2.2, 3.5, '2021-03-18T03:00:00');;((24, 1), 4.0, 2.5);;;;;;;;;;;;;;;;;;;;;;;;;;;;
2021-03-19 00:00:00;6660;4;((24, 1), 11.6, 3.6, 5.6, '2021-03-19T13:00:00');;((24, 1), 1.1, 3.1, 4.4, '2021-03-19T01:00:00');;((24, 1), 5.0, 3.3);;;;;;;;;;;;;;;;;;;;;;;;;;;;
2021-03-20 00:00:00;6660;4;((24, 1), 11.8, 3.3, 6.4, '2021-03-20T10:00:00');;((24, 1), 1.7, 2.9, 5.4, '2021-03-20T00:00:00');;((24, 1), 5.9, 3.1);;;;;;;;;;;;;;;;;;;;;;;;;;;;
2021-03-21 00:00:00;6660;4;((24, 1), 9.0, 1.7, 5.6, '2021-03-21T13:00:00');;((24, 1), 2.9, 1.4, 4.8, '2021-03-21T21:00:00');;((24, 1), 5.2, 1.5);;;;;;;;;;;;;;;;;;;;;;;;;;;;
2021-03-22 00:00:00;6660;4;((24, 1), 11.2, 2.6, 7.3, '2021-03-22T13:00:00');;((24, 1), 3.4, 2.4, 6.3, '2021-03-22T04:00:00');;((24, 1), 6.8, 2.5);;;;;;;;;;;;;;;;;;;;;;;;;;;;
2021-03-23 00:00:00;6660;4;((24, 1), 10.4, 2.0, 7.5, '2021-03-23T16:00:00');;((24, 1), 3.8, 1.8, 6.6, '2021-03-23T23:00:00');;((24, 1), 7.1, 1.9);;;;;;;;;;;;;;;;;;;;;;;;;;;;
2021-03-24 00:00:00;6660;4;((24, 1), 15.5, 4.8, 9.2, '2021-03-24T14:00:00');;((24, 1), 3.1, 4.6, 8.0, '2021-03-24T03:00:00');;((24, 1), 8.6, 4.8);;;;;;;;;;;;;;;;;;;;;;;;;;;;
2021-03-25 00:00:00;6660;4;((24, 1), 18.8, 5.1, 11.1, '2021-03-25T12:00:00');;((24, 1), 3.8, 4.9, 9.8, '2021-03-25T06:00:00');;((24, 1), 10.5, 5.0);;;;;;;;;;;;;;;;;;;;;;;;;;;;
2021-03-26 00:00:00;6660;4;((24, 1), 19.0, 4.7, 12.8, '2021-03-26T11:00:00');;((24, 1), 5.7, 4.7, 11.5, '2021-03-26T02:00:00');;((24, 1), 12.1, 4.7);;;;;;;;;;;;;;;;;;;;;;;;;;;;
2021-03-27 00:00:00;6660;4;((24, 1), 18.0, 4.6, 12.2, '2021-03-27T12:00:00');;((24, 1), 5.8, 4.4, 10.9, '2021-03-27T02:00:00');;((24, 1), 11.5, 4.5);;;;;;;;;;;;;;;;;;;;;;;;;;;;
2021-03-28 00:00:00;6660;4;((24, 1), 19.2, 4.4, 13.5, '2021-03-28T09:00:00');;((24, 1), 5.7, 4.5, 12.2, '2021-03-28T04:00:00');;((24, 1), 12.8, 4.5);;;;;;;;;;;;;;;;;;;;;;;;;;;;
2021-03-29 00:00:00;6660;4;((24, 1), 20.1, 4.4, 14.1, '2021-03-29T11:00:00');;((24, 1), 7.1, 4.4, 12.8, '2021-03-29T05:00:00');;((24, 1), 13.4, 4.5);;;;;;;;;;;;;;;;;;;;;;;;;;;;
2021-03-30 00:00:00;6660;4;((24, 1), 23.0, 4.9, 15.6, '2021-03-30T12:00:00');;((24, 1), 8.4, 4.8, 14.1, '2021-03-30T03:00:00');;((24, 1), 14.8, 4.8);;;;;;;;;;;;;;;;;;;;;;;;;;;;
2021-03-31 00:00:00;6660;4;((24, 1), 23.8, 4.7, 17.4, '2021-03-31T10:00:00');;((24, 1), 11.1, 4.6, 16.2, '2021-03-31T05:00:00');;((24, 1), 16.8, 4.7);;;;;;;;;;;;;;;;;;;;;;;;;;;;
2021-04-01 00:00:00;6660;4;((24, 1), 26.2, 5.1, 18.7, '2021-04-01T10:00:00');;((24, 1), 11.6, 4.8, 17.5, '2021-04-01T05:00:00');;((24, 1), 18.1, 4.9);;;;;;;;;;;;;;;;;;;;;;;;;;;;
2021-04-02 00:00:00;6660;4;((24, 1), 24.9, 4.7, 18.8, '2021-04-02T12:00:00');;((24, 1), 10.8, 4.8, 17.3, '2021-04-02T23:00:00');;((24, 1), 18.0, 4.7);;;;;;;;;;;;;;;;;;;;;;;;;;;;
2021-04-03 00:00:00;6660;4;((24, 1), 19.8, 3.4, 13.6, '2021-04-03T10:00:00');;((24, 1), 9.7, 3.0, 12.3, '2021-04-03T20:00:00');;((24, 1), 12.9, 3.2);;;;;;;;;;;;;;;;;;;;;;;;;;;;
2021-04-04 00:00:00;6660;4;((24, 1), 15.0, 3.1, 10.1, '2021-04-04T13:00:00');;((24, 1), 4.2, 2.6, 8.7, '2021-04-04T23:00:00');;((24, 1), 9.3, 2.9);;;;;;;;;;;;;;;;;;;;;;;;;;;;
2021-04-05 00:00:00;6660;4;((24, 1), 14.9, 4.6, 9.0, '2021-04-05T11:00:00');;((24, 1), 2.9, 4.4, 7.9, '2021-04-05T04:00:00');;((24, 1), 8.4, 4.5);;;;;;;;;;;;;;;;;;;;;;;;;;;;
2021-04-06 00:00:00;6660;4;((24, 1), 16.2, 5.1, 8.7, '2021-04-06T09:00:00');;((24, 1), 3.1, 4.6, 7.3, '2021-04-06T03:00:00');;((24, 1), 7.9, 4.8);;;;;;;;;;;;;;;;;;;;;;;;;;;;
2021-04-07 00:00:00;6660;4;((24, 1), 10.6, 2.8, 6.2, '2021-04-07T10:00:00');;((24, 1), 1.5, 2.6, 5.2, '2021-04-07T23:00:00');;((24, 1), 5.7, 2.7);;;;;;;;;;;;;;;;;;;;;;;;;;;;
2021-04-08 00:00:00;6660;4;((24, 1), 15.0, 5.4, 8.2, '2021-04-08T13:00:00');;((24, 1), 1.1, 5.2, 6.9, '2021-04-08T03:00:00');;((24, 1), 7.5, 5.3);;;;;;;;;;;;;;;;;;;;;;;;;;;;
2021-04-09 00:00:00;6660;4;((24, 1), 16.4, 5.2, 10.3, '2021-04-09T11:00:00');;((24, 1), 1.5, 5.3, 9.1, '2021-04-09T00:00:00');;((24, 1), 9.7, 5.2);;;;;;;;;;;;;;;;;;;;;;;;;;;;
2021-04-10 00:00:00;6660;4;((24, 1), 17.7, 4.8, 12.3, '2021-04-10T15:00:00');;((24, 1), 4.7, 4.7, 11.2, '2021-04-10T00:00:00');;((24, 1), 11.7, 4.7);;;;;;;;;;;;;;;;;;;;;;;;;;;;
2021-04-11 00:00:00;6660;4;((24, 1), 19.8, 4.0, 13.3, '2021-04-11T12:00:00');;((24, 1), 8.1, 3.5, 12.0, '2021-04-11T04:00:00');;((24, 1), 12.7, 3.8);;;;;;;;;;;;;;;;;;;;;;;;;;;;
2021-04-12 00:00:00;6660;4;((24, 1), 21.5, 3.7, 14.0, '2021-04-12T14:00:00');;((24, 1), 9.4, 3.1, 12.8, '2021-04-12T03:00:00');;((24, 1), 13.4, 3.4);;;;;;;;;;;;;;;;;;;;;;;;;;;;
2021-04-13 00:00:00;6660;4;((24, 1), 16.0, 2.9, 10.6, '2021-04-13T11:00:00');;((24, 1), 6.6, 2.4, 9.7, '2021-04-13T22:00:00');;((24, 1), 10.2, 2.6);;;;;;;;;;;;;;;;;;;;;;;;;;;;
2021-04-14 00:00:00;6660;4;((24, 1), 13.7, 2.3, 9.4, '2021-04-14T14:00:00');;((24, 1), 5.8, 2.0, 8.4, '2021-04-14T02:00:00');;((24, 1), 8.9, 2.1);;;;;;;;;;;;;;;;;;;;;;;;;;;;
2021-04-15 00:00:00;6660;4;((24, 1), 13.9, 2.5, 9.1, '2021-04-15T12:00:00');;((24, 1), 5.8, 2.2, 8.3, '2021-04-15T01:00:00');;((24, 1), 8.7, 2.3);;;;;;;;;;;;;;;;;;;;;;;;;;;;
2021-04-16 00:00:00;6660;4;((24, 1), 14.6, 3.9, 9.4, '2021-04-16T12:00:00');;((24, 1), 4.1, 3.7, 8.3, '2021-04-16T05:00:00');;((24, 1), 8.8, 3.8);;;;;;;;;;;;;;;;;;;;;;;;;;;;
2021-04-17 00:00:00;6660;4;((24, 1), 15.4, 3.7, 10.1, '2021-04-17T11:00:00');;((24, 1), 4.5, 3.5, 9.1, '2021-04-17T04:00:00');;((24, 1), 9.6, 3.6);;;;;;;;;;;;;;;;;;;;;;;;;;;;
2021-04-18 00:00:00;6660;4;((24, 1), 16.3, 3.1, 10.6, '2021-04-18T10:00:00');;((24, 1), 5.4, 2.9, 9.6, '2021-04-18T05:00:00');;((24, 1), 10.1, 2.9);;;;;;;;;;;;;;;;;;;;;;;;;;;;
2021-04-19 00:00:00;6660;4;((24, 1), 15.0, 3.0, 10.7, '2021-04-19T16:00:00');;((24, 1), 5.9, 2.7, 9.5, '2021-04-19T23:00:00');;((24, 1), 10.1, 2.8);;;;;;;;;;;;;;;;;;;;;;;;;;;;
2021-04-20 00:00:00;6660;4;((24, 1), 17.7, 4.6, 11.8, '2021-04-20T11:00:00');;((24, 1), 5.1, 4.2, 10.5, '2021-04-20T00:00:00');;((24, 1), 11.1, 4.4);;;;;;;;;;;;;;;;;;;;;;;;;;;;
2021-04-21 00:00:00;6660;4;((24, 1), 18.2, 4.3, 13.2, '2021-04-21T13:00:00');;((24, 1), 6.2, 4.1, 12.0, '2021-04-21T02:00:00');;((24, 1), 12.6, 4.2);;;;;;;;;;;;;;;;;;;;;;;;;;;;
2021-04-22 00:00:00;6660;4;((24, 1), 16.4, 2.3, 12.5, '2021-04-22T12:00:00');;((24, 1), 9.0, 2.1, 11.7, '2021-04-22T23:00:00');;((24, 1), 12.1, 2.2);;;;;;;;;;;;;;;;;;;;;;;;;;;;
2021-04-23 00:00:00;6660;4;((24, 1), 19.1, 3.8, 13.9, '2021-04-23T13:00:00');;((24, 1), 9.0, 3.6, 12.8, '2021-04-23T23:00:00');;((24, 1), 13.4, 3.7);;;;;;;;;;;;;;;;;;;;;;;;;;;;
2021-04-24 00:00:00;6660;4;((24, 1), 20.7, 5.1, 14.6, '2021-04-24T13:00:00');;((24, 1), 8.2, 5.0, 13.3, '2021-04-24T03:00:00');;((24, 1), 13.9, 5.0);;;;;;;;;;;;;;;;;;;;;;;;;;;;
2021-04-25 00:00:00;6660;4;((24, 1), 22.5, 5.8, 15.3, '2021-04-25T11:00:00');;((24, 1), 7.5, 5.7, 14.0, '2021-04-25T03:00:00');;((24, 1), 14.7, 5.7);;;;;;;;;;;;;;;;;;;;;;;;;;;;
2021-04-26 00:00:00;6660;4;((24, 1), 21.3, 4.1, 15.4, '2021-04-26T12:00:00');;((24, 1), 7.3, 4.2, 14.1, '2021-04-26T05:00:00');;((24, 1), 14.8, 4.2);;;;;;;;;;;;;;;;;;;;;;;;;;;;
2021-04-27 00:00:00;6660;4;((24, 1), 19.0, 2.4, 14.9, '2021-04-27T11:00:00');;((24, 1), 12.0, 2.1, 14.2, '2021-04-27T23:00:00');;((24, 1), 14.5, 2.2);;;;;;;;;;;;;;;;;;;;;;;;;;;;
2021-04-28 00:00:00;6660;4;((24, 1), 16.5, 1.6, 13.8, '2021-04-28T12:00:00');;((24, 1), 11.2, 1.4, 13.3, '2021-04-28T05:00:00');;((24, 1), 13.6, 1.5);;;;;;;;;;;;;;;;;;;;;;;;;;;;
2021-04-29 00:00:00;6660;4;((24, 1), 19.3, 3.0, 15.2, '2021-04-29T13:00:00');;((24, 1), 10.0, 2.9, 14.2, '2021-04-29T03:00:00');;((24, 1), 14.7, 2.9);;;;;;;;;;;;;;;;;;;;;;;;;;;;
2021-04-30 00:00:00;6660;4;((24, 1), 24.2, 4.9, 17.9, '2021-04-30T14:00:00');;((24, 1), 10.5, 4.8, 16.7, '2021-04-30T04:00:00');;((24, 1), 17.3, 4.8);;;;;;;;;;;;;;;;;;;;;;;;;;;;
2021-05-01 00:00:00;6660;4;((24, 1), 25.0, 3.6, 18.2, '2021-05-01T09:00:00');;((24, 1), 12.8, 3.3, 16.9, '2021-05-01T04:00:00');;((24, 1), 17.6, 3.4);;;;;;;;;;;;;;;;;;;;;;;;;;;;
2021-05-02 00:00:00;6660;4;((24, 1), 25.4, 3.7, 19.7, '2021-05-02T12:00:00');;((24, 1), 12.3, 3.8, 17.9, '2021-05-02T05:00:00');;((24, 1), 18.8, 3.7);;;;;;;;;;;;;;;;;;;;;;;;;;;;
2021-05-03 00:00:00;6660;4;((24, 1), 21.6, 4.0, 15.5, '2021-05-03T11:00:00');;((24, 1), 8.8, 4.0, 14.0, '2021-05-03T05:00:00');;((24, 1), 14.7, 3.9);;;;;;;;;;;;;;;;;;;;;;;;;;;;
2021-05-04 00:00:00;6660;4;((24, 1), 21.1, 4.3, 15.3, '2021-05-04T11:00:00');;((24, 1), 8.4, 4.2, 14.1, '2021-05-04T04:00:00');;((24, 1), 14.8, 4.3);;;;;;;;;;;;;;;;;;;;;;;;;;;;
2021-05-05 00:00:00;6660;4;((24, 1), 23.1, 4.8, 17.2, '2021-05-05T15:00:00');;((24, 1), 8.8, 4.9, 15.5, '2021-05-05T05:00:00');;((24, 1), 16.3, 4.9);;;;;;;;;;;;;;;;;;;;;;;;;;;;
2021-05-06 00:00:00;6660;4;((24, 1), 22.4, 3.9, 18.0, '2021-05-06T10:00:00');;((24, 1), 10.4, 4.4, 16.5, '2021-05-06T23:00:00');;((24, 1), 17.1, 4.2);;;;;;;;;;;;;;;;;;;;;;;;;;;;
2021-05-07 00:00:00;6660;4;((24, 1), 28.2, 4.9, 20.2, '2021-05-07T14:00:00');;((24, 1), 11.1, 4.8, 18.0, '2021-05-07T00:00:00');;((24, 1), 19.0, 4.9);;;;;;;;;;;;;;;;;;;;;;;;;;;;
2021-05-08 00:00:00;6660;4;((24, 1), 21.6, 3.7, 16.6, '2021-05-08T11:00:00');;((24, 1), 10.7, 3.6, 15.3, '2021-05-08T22:00:00');;((24, 1), 16.0, 3.7);;;;;;;;;;;;;;;;;;;;;;;;;;;;
2021-05-09 00:00:00;6660;4;((24, 1), 24.3, 5.1, 18.0, '2021-05-09T14:00:00');;((24, 1), 9.5, 5.1, 16.7, '2021-05-09T04:00:00');;((24, 1), 17.4, 5.1);;;;;;;;;;;;;;;;;;;;;;;;;;;;
2021-05-10 00:00:00;6660;4;((24, 1), 25.0, 4.9, 19.4, '2021-05-10T12:00:00');;((24, 1), 10.9, 5.2, 18.1, '2021-05-10T04:00:00');;((24, 1), 18.7, 5.0);;;;;;;;;;;;;;;;;;;;;;;;;;;;
2021-05-11 00:00:00;6660;4;((24, 1), 26.3, 3.9, 20.2, '2021-05-11T10:00:00');;((24, 1), 13.5, 3.7, 18.7, '2021-05-11T05:00:00');;((24, 1), 19.5, 3.8);;;;;;;;;;;;;;;;;;;;;;;;;;;;
2021-05-12 00:00:00;6660;4;((24, 1), 23.8, 3.2, 19.3, '2021-05-12T10:00:00');;((24, 1), 14.2, 3.1, 18.0, '2021-05-12T03:00:00');;((24, 1), 18.7, 3.2);;;;;;;;;;;;;;;;;;;;;;;;;;;;
2021-05-13 00:00:00;6660;4;((24, 1), 22.5, 3.6, 18.1, '2021-05-13T13:00:00');;((24, 1), 11.4, 3.2, 16.2, '2021-05-13T22:00:00');;((24, 1), 17.1, 3.4);;;;;;;;;;;;;;;;;;;;;;;;;;;;
2021-05-14 00:00:00;6660;4;((24, 1), 23.8, 4.5, 17.1, '2021-05-14T09:00:00');;((24, 1), 10.0, 4.2, 15.6, '2021-05-14T05:00:00');;((24, 1), 16.3, 4.3);;;;;;;;;;;;;;;;;;;;;;;;;;;;
2021-05-15 00:00:00;6660;4;((24, 1), 21.7, 3.9, 16.6, '2021-05-15T11:00:00');;((24, 1), 10.6, 3.6, 15.4, '2021-05-15T02:00:00');;((24, 1), 16.0, 3.7);;;;;;;;;;;;;;;;;;;;;;;;;;;;
2021-05-16 00:00:00;6660;4;((24, 1), 20.1, 2.5, 15.9, '2021-05-16T07:00:00');;((24, 1), 10.8, 2.4, 14.9, '2021-05-16T04:00:00');;((24, 1), 15.4, 2.4);;;;;;;;;;;;;;;;;;;;;;;;;;;;
2021-05-17 00:00:00;6660;4;((24, 1), 27.5, 5.4, 19.3, '2021-05-17T14:00:00');;((24, 1), 11.8, 5.0, 17.7, '2021-05-17T23:00:00');;((24, 1), 18.6, 5.2);;;;;;;;;;;;;;;;;;;;;;;;;;;;
2021-05-18 00:00:00;6660;4;((24, 1), 25.8, 5.5, 19.4, '2021-05-18T11:00:00');;((24, 1), 10.5, 5.5, 18.0, '2021-05-18T01:00:00');;((24, 1), 18.7, 5.5);;;;;;;;;;;;;;;;;;;;;;;;;;;;
2021-05-19 00:00:00;6660;4;((24, 1), 24.8, 3.4, 17.1, '2021-05-19T10:00:00');;((24, 1), 11.3, 2.8, 15.4, '2021-05-19T01:00:00');;((24, 1), 16.2, 3.1);;;;;;;;;;;;;;;;;;;;;;;;;;;;
2021-05-20 00:00:00;6660;4;((24, 1), 23.2, 5.2, 16.8, '2021-05-20T14:00:00');;((24, 1), 9.0, 4.8, 15.2, '2021-05-20T04:00:00');;((24, 1), 16.0, 5.1);;;;;;;;;;;;;;;;;;;;;;;;;;;;
2021-05-21 00:00:00;6660;4;((24, 1), 25.0, 5.9, 18.4, '2021-05-21T10:00:00');;((24, 1), 9.8, 5.8, 17.1, '2021-05-21T01:00:00');;((24, 1), 17.8, 5.8);;;;;;;;;;;;;;;;;;;;;;;;;;;;
2021-05-22 00:00:00;6660;4;((24, 1), 24.8, 4.5, 18.4, '2021-05-22T14:00:00');;((24, 1), 12.6, 4.2, 17.0, '2021-05-22T02:00:00');;((24, 1), 17.7, 4.4);;;;;;;;;;;;;;;;;;;;;;;;;;;;
2021-05-23 00:00:00;6660;4;((24, 1), 26.4, 5.3, 19.9, '2021-05-23T13:00:00');;((24, 1), 11.6, 5.3, 18.8, '2021-05-23T05:00:00');;((24, 1), 19.3, 5.3);;;;;;;;;;;;;;;;;;;;;;;;;;;;
2021-05-24 00:00:00;6660;4;((24, 1), 24.9, 3.4, 20.4, '2021-05-24T10:00:00');;((24, 1), 15.9, 3.0, 19.3, '2021-05-24T04:00:00');;((24, 1), 19.8, 3.2);;;;;;;;;;;;;;;;;;;;;;;;;;;;
2021-05-25 00:00:00;6660;4;((24, 1), 25.1, 3.5, 20.2, '2021-05-25T10:00:00');;((24, 1), 14.4, 3.3, 19.1, '2021-05-25T23:00:00');;((24, 1), 19.7, 3.4);;;;;;;;;;;;;;;;;;;;;;;;;;;;
2021-05-26 00:00:00;6660;4;((24, 1), 24.9, 4.5, 19.4, '2021-05-26T13:00:00');;((24, 1), 13.6, 4.2, 18.2, '2021-05-26T03:00:00');;((24, 1), 18.8, 4.4);;;;;;;;;;;;;;;;;;;;;;;;;;;;
2021-05-27 00:00:00;6660;4;((24, 1), 26.3, 4.9, 20.2, '2021-05-27T13:00:00');;((24, 1), 13.1, 4.9, 19.0, '2021-05-27T04:00:00');;((24, 1), 19.6, 4.9);;;;;;;;;;;;;;;;;;;;;;;;;;;;
2021-05-28 00:00:00;6660;4;((24, 1), 25.3, 4.5, 19.8, '2021-05-28T10:00:00');;((24, 1), 12.7, 4.5, 18.5, '2021-05-28T02:00:00');;((24, 1), 19.2, 4.5);;;;;;;;;;;;;;;;;;;;;;;;;;;;
2021-05-29 00:00:00;6660;4;((24, 1), 25.5, 4.8, 20.2, '2021-05-29T14:00:00');;((24, 1), 12.5, 4.8, 19.0, '2021-05-29T04:00:00');;((24, 1), 19.6, 4.8);;;;;;;;;;;;;;;;;;;;;;;;;;;;
2021-05-30 00:00:00;6660;4;((24, 1), 23.4, 3.5, 18.0, '2021-05-30T11:00:00');;((24, 1), 11.7, 3.2, 16.9, '2021-05-30T23:00:00');;((24, 1), 17.4, 3.4);;;;;;;;;;;;;;;;;;;;;;;;;;;;
2021-05-31 00:00:00;6660;4;((24, 1), 23.3, 4.7, 17.6, '2021-05-31T15:00:00');;((24, 1), 10.5, 4.6, 16.3, '2021-05-31T04:00:00');;((24, 1), 17.0, 4.7);;;;;;;;;;;;;;;;;;;;;;;;;;;;
2021-06-01 00:00:00;6660;4;((24, 1), 24.9, 5.6, 18.5, '2021-06-01T09:00:00');;((24, 1), 10.2, 5.5, 17.1, '2021-06-01T02:00:00');;((24, 1), 17.8, 5.5);;;;;;;;;;;;;;;;;;;;;;;;;;;;
2021-06-02 00:00:00;6660;4;((24, 1), 26.0, 4.9, 20.3, '2021-06-02T14:00:00');;((24, 1), 12.4, 4.8, 19.0, '2021-06-02T04:00:00');;((24, 1), 19.6, 4.9);;;;;;;;;;;;;;;;;;;;;;;;;;;;
2021-06-03 00:00:00;6660;4;((24, 1), 28.1, 4.7, 22.8, '2021-06-03T10:00:00');;((24, 1), 15.7, 4.5, 21.5, '2021-06-03T00:00:00');;((24, 1), 22.1, 4.6);;;;;;;;;;;;;;;;;;;;;;;;;;;;
2021-06-04 00:00:00;6660;4;((24, 1), 29.9, 4.8, 24.1, '2021-06-04T10:00:00');;((24, 1), 17.6, 4.7, 22.9, '2021-06-04T00:00:00');;((24, 1), 23.5, 4.8);;;;;;;;;;;;;;;;;;;;;;;;;;;;
2021-06-05 00:00:00;6660;4;((24, 1), 30.5, 4.3, 24.4, '2021-06-05T10:00:00');;((24, 1), 17.1, 4.1, 23.1, '2021-06-05T01:00:00');;((24, 1), 23.8, 4.2);;;;;;;;;;;;;;;;;;;;;;;;;;;;
2021-06-06 00:00:00;6660;4;((24, 1), 27.7, 3.1, 22.8, '2021-06-06T10:00:00');;((24, 1), 16.4, 2.9, 21.5, '2021-06-06T22:00:00');;((24, 1), 22.1, 3.0);;;;;;;;;;;;;;;;;;;;;;;;;;;;
2021-06-07 00:00:00;6660;4;((24, 1), 26.6, 3.3, 20.7, '2021-06-07T10:00:00');;((24, 1), 16.7, 2.5, 19.4, '2021-06-07T00:00:00');;((24, 1), 20.1, 2.8);;;;;;;;;;;;;;;;;;;;;;;;;;;;
2021-06-08 00:00:00;6660;4;((24, 1), 26.6, 3.4, 21.2, '2021-06-08T10:00:00');;((24, 1), 16.3, 3.0, 20.1, '2021-06-08T04:00:00');;((24, 1), 20.6, 3.2);;;;;;;;;;;;;;;;;;;;;;;;;;;;
2021-06-09 00:00:00;6660;4;((24, 1), 28.9, 4.6, 23.3, '2021-06-09T10:00:00');;((24, 1), 16.7, 4.1, 21.9, '2021-06-09T03:00:00');;((24, 1), 22.6, 4.4);;;;;;;;;;;;;;;;;;;;;;;;;;;;
2021-06-10 00:00:00;6660;4;((24, 1), 29.2, 4.4, 23.8, '2021-06-10T11:00:00');;((24, 1), 17.5, 4.1, 22.5, '2021-06-10T04:00:00');;((24, 1), 23.2, 4.3);;;;;;;;;;;;;;;;;;;;;;;;;;;;
2021-06-11 00:00:00;6660;4;((24, 1), 28.1, 4.5, 23.0, '2021-06-11T12:00:00');;((24, 1), 16.8, 4.3, 21.9, '2021-06-11T04:00:00');;((24, 1), 22.5, 4.4);;;;;;;;;;;;;;;;;;;;;;;;;;;;
2021-06-12 00:00:00;6660;4;((24, 1), 29.4, 4.7, 24.0, '2021-06-12T12:00:00');;((24, 1), 16.8, 4.5, 22.7, '2021-06-12T03:00:00');;((24, 1), 23.3, 4.6);;;;;;;;;;;;;;;;;;;;;;;;;;;;
2021-06-13 00:00:00;6660;4;((24, 1), 32.8, 5.4, 25.3, '2021-06-13T10:00:00');;((24, 1), 18.0, 5.2, 24.0, '2021-06-13T01:00:00');;((24, 1), 24.6, 5.3);;;;;;;;;;;;;;;;;;;;;;;;;;;;
2021-06-14 00:00:00;6660;4;((24, 1), 25.8, 3.7, 22.3, '2021-06-14T13:00:00');;((24, 1), 15.5, 3.8, 21.1, '2021-06-14T23:00:00');;((24, 1), 21.7, 3.7);;;;;;;;;;;;;;;;;;;;;;;;;;;;
2021-06-15 00:00:00;6660;4;((24, 1), 26.6, 4.8, 21.6, '2021-06-15T15:00:00');;((24, 1), 13.6, 4.9, 20.5, '2021-06-15T03:00:00');;((24, 1), 21.1, 4.8);;;;;;;;;;;;;;;;;;;;;;;;;;;;
2021-06-16 00:00:00;6660;4;((24, 1), 29.5, 5.0, 23.2, '2021-06-16T14:00:00');;((24, 1), 15.7, 4.9, 21.9, '2021-06-16T04:00:00');;((24, 1), 22.5, 4.9);;;;;;;;;;;;;;;;;;;;;;;;;;;;
2021-06-17 00:00:00;6660;4;((24, 1), 31.6, 5.3, 25.5, '2021-06-17T12:00:00');;((24, 1), 17.1, 5.3, 24.3, '2021-06-17T04:00:00');;((24, 1), 24.9, 5.3);;;;;;;;;;;;;;;;;;;;;;;;;;;;
2021-06-18 00:00:00;6660;4;((24, 1), 31.3, 3.8, 24.2, '2021-06-18T14:00:00');;((24, 1), 18.0, 3.8, 22.5, '2021-06-18T02:00:00');;((24, 1), 23.4, 3.8);;;;;;;;;;;;;;;;;;;;;;;;;;;;
2021-06-19 00:00:00;6660;4;((24, 1), 34.1, 4.3, 26.7, '2021-06-19T10:00:00');;((24, 1), 20.5, 3.9, 25.4, '2021-06-19T00:00:00');;((24, 1), 26.1, 4.1);;;;;;;;;;;;;;;;;;;;;;;;;;;;
2021-06-20 00:00:00;6660;4;((24, 1), 33.8, 4.3, 27.9, '2021-06-20T13:00:00');;((24, 1), 19.6, 4.3, 26.3, '2021-06-20T04:00:00');;((24, 1), 27.1, 4.3);;;;;;;;;;;;;;;;;;;;;;;;;;;;
2021-06-21 00:00:00;6660;4;((24, 1), 33.6, 4.5, 28.3, '2021-06-21T14:00:00');;((24, 1), 20.8, 4.6, 26.9, '2021-06-21T04:00:00');;((24, 1), 27.6, 4.6);;;;;;;;;;;;;;;;;;;;;;;;;;;;
2021-06-22 00:00:00;6660;4;((24, 1), 33.2, 4.6, 27.7, '2021-06-22T14:00:00');;((24, 1), 19.9, 4.9, 26.4, '2021-06-22T03:00:00');;((24, 1), 27.1, 4.7);;;;;;;;;;;;;;;;;;;;;;;;;;;;
2021-06-23 00:00:00;6660;4;((24, 1), 32.7, 4.0, 27.5, '2021-06-23T10:00:00');;((24, 1), 20.1, 4.0, 26.3, '2021-06-23T04:00:00');;((24, 1), 26.9, 4.0);;;;;;;;;;;;;;;;;;;;;;;;;;;;
2021-06-24 00:00:00;6660;4;((24, 1), 34.3, 4.4, 27.9, '2021-06-24T14:00:00');;((24, 1), 21.1, 4.2, 26.5, '2021-06-24T04:00:00');;((24, 1), 27.2, 4.3);;;;;;;;;;;;;;;;;;;;;;;;;;;;
2021-06-25 00:00:00;6660;4;((24, 1), 30.7, 3.6, 26.3, '2021-06-25T16:00:00');;((24, 1), 19.4, 3.6, 24.9, '2021-06-25T23:00:00');;((24, 1), 25.6, 3.7);;;;;;;;;;;;;;;;;;;;;;;;;;;;
2021-06-26 00:00:00;6660;4;((24, 1), 31.6, 4.8, 26.2, '2021-06-26T11:00:00');;((24, 1), 18.5, 4.9, 24.9, '2021-06-26T00:00:00');;((24, 1), 25.5, 4.8);;;;;;;;;;;;;;;;;;;;;;;;;;;;
2021-06-27 00:00:00;6660;4;((24, 1), 32.0, 4.6, 26.8, '2021-06-27T12:00:00');;((24, 1), 19.8, 4.5, 25.7, '2021-06-27T04:00:00');;((24, 1), 26.2, 4.6);;;;;;;;;;;;;;;;;;;;;;;;;;;;
2021-06-28 00:00:00;6660;4;((24, 1), 33.3, 4.5, 27.4, '2021-06-28T12:00:00');;((24, 1), 21.1, 4.4, 26.3, '2021-06-28T03:00:00');;((24, 1), 26.9, 4.4);;;;;;;;;;;;;;;;;;;;;;;;;;;;
2021-06-29 00:00:00;6660;4;((24, 1), 34.6, 5.3, 28.5, '2021-06-29T15:00:00');;((24, 1), 18.8, 5.5, 27.1, '2021-06-29T04:00:00');;((24, 1), 27.8, 5.4);;;;;;;;;;;;;;;;;;;;;;;;;;;;
2021-06-30 00:00:00;6660;4;((24, 1), 31.7, 2.6, 28.7, '2021-06-30T13:00:00');;((24, 1), 22.2, 3.1, 27.2, '2021-06-30T05:00:00');;((24, 1), 27.9, 2.8);;;;;;;;;;;;;;;;;;;;;;;;;;;;
2021-07-01 00:00:00;6660;4;((24, 1), 31.2, 3.7, 26.6, '2021-07-01T14:00:00');;((24, 1), 20.0, 3.9, 25.2, '2021-07-01T23:00:00');;((24, 1), 25.9, 3.7);;;;;;;;;;;;;;;;;;;;;;;;;;;;
2021-07-02 00:00:00;6660;4;((24, 1), 30.4, 3.9, 25.8, '2021-07-02T13:00:00');;((24, 1), 18.5, 4.0, 24.4, '2021-07-02T00:00:00');;((24, 1), 25.1, 4.0);;;;;;;;;;;;;;;;;;;;;;;;;;;;
2021-07-03 00:00:00;6660;4;((24, 1), 31.0, 4.2, 26.2, '2021-07-03T13:00:00');;((24, 1), 19.5, 4.2, 25.0, '2021-07-03T04:00:00');;((24, 1), 25.6, 4.2);;;;;;;;;;;;;;;;;;;;;;;;;;;;
2021-07-04 00:00:00;6660;4;((24, 1), 31.2, 4.2, 26.4, '2021-07-04T11:00:00');;((24, 1), 19.7, 4.1, 25.1, '2021-07-04T03:00:00');;((24, 1), 25.7, 4.2);;;;;;;;;;;;;;;;;;;;;;;;;;;;
2021-07-05 00:00:00;6660;4;((24, 1), 32.5, 3.9, 26.8, '2021-07-05T14:00:00');;((24, 1), 20.5, 3.9, 25.5, '2021-07-05T04:00:00');;((24, 1), 26.1, 3.9);;;;;;;;;;;;;;;;;;;;;;;;;;;;
2021-07-06 00:00:00;6660;4;((24, 1), 32.4, 4.8, 27.4, '2021-07-06T13:00:00');;((24, 1), 19.9, 4.8, 26.3, '2021-07-06T04:00:00');;((24, 1), 26.9, 4.8);;;;;;;;;;;;;;;;;;;;;;;;;;;;
2021-07-07 00:00:00;6660;4;((24, 1), 34.3, 4.5, 29.3, '2021-07-07T11:00:00');;((24, 1), 22.9, 4.3, 28.2, '2021-07-07T04:00:00');;((24, 1), 28.8, 4.4);;;;;;;;;;;;;;;;;;;;;;;;;;;;
2021-07-08 00:00:00;6660;4;((24, 1), 36.9, 4.4, 30.9, '2021-07-08T10:00:00');;((24, 1), 22.7, 4.1, 29.1, '2021-07-08T04:00:00');;((24, 1), 30.0, 4.3);;;;;;;;;;;;;;;;;;;;;;;;;;;;
2021-07-09 00:00:00;6660;4;((24, 1), 30.4, 2.7, 26.6, '2021-07-09T11:00:00');;((24, 1), 20.9, 2.6, 25.4, '2021-07-09T23:00:00');;((24, 1), 26.0, 2.6);;;;;;;;;;;;;;;;;;;;;;;;;;;;
2021-07-10 00:00:00;6660;4;((24, 1), 32.9, 4.6, 27.3, '2021-07-10T11:00:00');;((24, 1), 20.1, 4.5, 26.0, '2021-07-10T03:00:00');;((24, 1), 26.6, 4.6);;;;;;;;;;;;;;;;;;;;;;;;;;;;
2021-07-11 00:00:00;6660;4;((24, 1), 32.9, 4.4, 27.3, '2021-07-11T12:00:00');;((24, 1), 20.4, 4.4, 26.2, '2021-07-11T02:00:00');;((24, 1), 26.7, 4.4);;;;;;;;;;;;;;;;;;;;;;;;;;;;
2021-07-12 00:00:00;6660;4;((24, 1), 32.4, 4.3, 27.6, '2021-07-12T10:00:00');;((24, 1), 20.7, 4.3, 26.3, '2021-07-12T02:00:00');;((24, 1), 26.9, 4.3);;;;;;;;;;;;;;;;;;;;;;;;;;;;
2021-07-13 00:00:00;6660;4;((24, 1), 31.3, 3.5, 27.0, '2021-07-13T17:00:00');;((24, 1), 19.9, 3.5, 25.7, '2021-07-13T04:00:00');;((24, 1), 26.3, 3.5);;;;;;;;;;;;;;;;;;;;;;;;;;;;
2021-07-14 00:00:00;6660;4;((24, 1), 28.8, 2.5, 25.5, '2021-07-14T11:00:00');;((24, 1), 19.5, 2.5, 24.3, '2021-07-14T23:00:00');;((24, 1), 24.9, 2.5);;;;;;;;;;;;;;;;;;;;;;;;;;;;
2021-07-15 00:00:00;6660;4;((24, 1), 29.8, 4.2, 24.4, '2021-07-15T10:00:00');;((24, 1), 17.8, 4.0, 23.1, '2021-07-15T02:00:00');;((24, 1), 23.8, 4.2);;;;;;;;;;;;;;;;;;;;;;;;;;;;
2021-07-16 00:00:00;6660;4;((24, 1), 28.0, 3.5, 22.8, '2021-07-16T09:00:00');;((24, 1), 18.1, 3.0, 21.6, '2021-07-16T16:00:00');;((24, 1), 22.2, 3.3);;;;;;;;;;;;;;;;;;;;;;;;;;;;
2021-07-17 00:00:00;6660;4;((24, 1), 23.5, 1.5, 20.4, '2021-07-17T17:00:00');;((24, 1), 18.0, 1.2, 19.6, '2021-07-17T13:00:00');;((24, 1), 20.0, 1.4);;;;;;;;;;;;;;;;;;;;;;;;;;;;
2021-07-18 00:00:00;6660;4;((24, 1), 29.6, 3.6, 24.9, '2021-07-18T13:00:00');;((24, 1), 19.3, 3.3, 23.8, '2021-07-18T00:00:00');;((24, 1), 24.3, 3.4);;;;;;;;;;;;;;;;;;;;;;;;;;;;
2021-07-19 00:00:00;6660;4;((24, 1), 28.9, 3.0, 24.8, '2021-07-19T12:00:00');;((24, 1), 20.2, 2.6, 23.5, '2021-07-19T04:00:00');;((24, 1), 24.1, 2.8);;;;;;;;;;;;;;;;;;;;;;;;;;;;
2021-07-20 00:00:00;6660;4;((24, 1), 33.0, 4.8, 26.0, '2021-07-20T12:00:00');;((24, 1), 19.2, 4.6, 24.8, '2021-07-20T04:00:00');;((24, 1), 25.4, 4.7);;;;;;;;;;;;;;;;;;;;;;;;;;;;
2021-07-21 00:00:00;6660;4;((24, 1), 32.0, 4.0, 26.8, '2021-07-21T13:00:00');;((24, 1), 20.9, 4.0, 25.7, '2021-07-21T02:00:00');;((24, 1), 26.3, 4.0);;;;;;;;;;;;;;;;;;;;;;;;;;;;
2021-07-22 00:00:00;6660;4;((24, 1), 30.0, 3.8, 25.5, '2021-07-22T15:00:00');;((24, 1), 19.4, 3.9, 24.4, '2021-07-22T03:00:00');;((24, 1), 25.0, 3.8);;;;;;;;;;;;;;;;;;;;;;;;;;;;
2021-07-23 00:00:00;6660;4;((24, 1), 31.5, 4.3, 26.3, '2021-07-23T12:00:00');;((24, 1), 18.4, 4.4, 25.1, '2021-07-23T04:00:00');;((24, 1), 25.7, 4.4);;;;;;;;;;;;;;;;;;;;;;;;;;;;
2021-07-24 00:00:00;6660;4;((24, 1), 34.1, 4.7, 28.1, '2021-07-24T14:00:00');;((24, 1), 21.1, 4.5, 26.8, '2021-07-24T01:00:00');;((24, 1), 27.4, 4.6);;;;;;;;;;;;;;;;;;;;;;;;;;;;
2021-07-25 00:00:00;6660;4;((24, 1), 33.1, 2.8, 28.4, '2021-07-25T18:00:00');;((24, 1), 23.3, 2.6, 26.8, '2021-07-25T01:00:00');;((24, 1), 27.5, 2.7);;;;;;;;;;;;;;;;;;;;;;;;;;;;
2021-07-26 00:00:00;6660;4;((24, 1), 33.8, 3.0, 28.4, '2021-07-26T17:00:00');;((24, 1), 23.8, 2.7, 27.2, '2021-07-26T02:00:00');;((24, 1), 27.7, 2.8);;;;;;;;;;;;;;;;;;;;;;;;;;;;
2021-07-27 00:00:00;6660;4;((24, 1), 35.7, 3.6, 29.7, '2021-07-27T14:00:00');;((24, 1), 23.9, 3.5, 28.2, '2021-07-27T23:00:00');;((24, 1), 29.0, 3.6);;;;;;;;;;;;;;;;;;;;;;;;;;;;
2021-07-28 00:00:00;6660;4;((24, 1), 37.1, 5.0, 30.6, '2021-07-28T16:00:00');;((24, 1), 21.7, 5.3, 28.8, '2021-07-28T04:00:00');;((24, 1), 29.7, 5.2);;;;;;;;;;;;;;;;;;;;;;;;;;;;
2021-07-29 00:00:00;6660;4;((24, 1), 33.9, 4.5, 28.6, '2021-07-29T10:00:00');;((24, 1), 20.7, 4.7, 27.3, '2021-07-29T05:00:00');;((24, 1), 27.9, 4.6);;;;;;;;;;;;;;;;;;;;;;;;;;;;
2021-07-30 00:00:00;6660;4;((24, 1), 36.2, 5.0, 30.0, '2021-07-30T11:00:00');;((24, 1), 22.2, 5.2, 28.7, '2021-07-30T00:00:00');;((24, 1), 29.3, 5.1);;;;;;;;;;;;;;;;;;;;;;;;;;;;
2021-07-31 00:00:00;6660;4;((24, 1), 36.1, 5.0, 30.6, '2021-07-31T15:00:00');;((24, 1), 23.2, 5.1, 29.3, '2021-07-31T05:00:00');;((24, 1), 29.9, 5.0);;;;;;;;;;;;;;;;;;;;;;;;;;;;
2021-08-01 00:00:00;6660;4;((24, 1), 39.2, 5.0, 32.4, '2021-08-01T14:00:00');;((24, 1), 22.8, 4.9, 30.7, '2021-08-01T02:00:00');;((24, 1), 31.5, 5.0);;;;;;;;;;;;;;;;;;;;;;;;;;;;
2021-08-02 00:00:00;6660;4;((24, 1), 30.5, 3.3, 26.2, '2021-08-02T12:00:00');;((24, 1), 19.6, 3.5, 24.9, '2021-08-02T04:00:00');;((24, 1), 25.6, 3.4);;;;;;;;;;;;;;;;;;;;;;;;;;;;
2021-08-03 00:00:00;6660;4;((24, 1), 30.1, 4.3, 25.2, '2021-08-03T14:00:00');;((24, 1), 18.3, 4.3, 24.1, '2021-08-03T02:00:00');;((24, 1), 24.7, 4.3);;;;;;;;;;;;;;;;;;;;;;;;;;;;
2021-08-04 00:00:00;6660;4;((24, 1), 32.5, 3.8, 26.9, '2021-08-04T12:00:00');;((24, 1), 20.0, 3.8, 25.6, '2021-08-04T02:00:00');;((24, 1), 26.3, 3.8);;;;;;;;;;;;;;;;;;;;;;;;;;;;
2021-08-05 00:00:00;6660;4;((24, 1), 33.2, 4.1, 27.5, '2021-08-05T16:00:00');;((24, 1), 20.7, 4.2, 25.8, '2021-08-05T05:00:00');;((24, 1), 26.6, 4.1);;;;;;;;;;;;;;;;;;;;;;;;;;;;
2021-08-06 00:00:00;6660;4;((24, 1), 31.4, 3.8, 26.6, '2021-08-06T12:00:00');;((24, 1), 19.2, 4.2, 25.2, '2021-08-06T04:00:00');;((24, 1), 25.9, 4.0);;;;;;;;;;;;;;;;;;;;;;;;;;;;
2021-08-07 00:00:00;6660;4;((24, 1), 32.5, 5.1, 26.6, '2021-08-07T12:00:00');;((24, 1), 18.3, 5.1, 25.4, '2021-08-07T03:00:00');;((24, 1), 26.0, 5.1);;;;;;;;;;;;;;;;;;;;;;;;;;;;
2021-08-08 00:00:00;6660;4;((24, 1), 35.5, 5.4, 29.0, '2021-08-08T10:00:00');;((24, 1), 20.0, 5.4, 27.6, '2021-08-08T03:00:00');;((24, 1), 28.3, 5.4);;;;;;;;;;;;;;;;;;;;;;;;;;;;
2021-08-09 00:00:00;6660;4;((24, 1), 34.3, 3.9, 29.0, '2021-08-09T12:00:00');;((24, 1), 22.2, 4.0, 27.8, '2021-08-09T05:00:00');;((24, 1), 28.4, 4.0);;;;;;;;;;;;;;;;;;;;;;;;;;;;
2021-08-10 00:00:00;6660;4;((24, 1), 33.8, 3.9, 28.6, '2021-08-10T13:00:00');;((24, 1), 23.2, 3.8, 27.5, '2021-08-10T03:00:00');;((24, 1), 28.0, 3.8);;;;;;;;;;;;;;;;;;;;;;;;;;;;
2021-08-11 00:00:00;6660;4;((24, 1), 34.1, 3.8, 29.2, '2021-08-11T11:00:00');;((24, 1), 23.0, 3.7, 28.0, '2021-08-11T23:00:00');;((24, 1), 28.6, 3.7);;;;;;;;;;;;;;;;;;;;;;;;;;;;
2021-08-12 00:00:00;6660;4;((24, 1), 34.7, 4.9, 28.7, '2021-08-12T10:00:00');;((24, 1), 22.0, 4.9, 27.6, '2021-08-12T02:00:00');;((24, 1), 28.1, 4.9);;;;;;;;;;;;;;;;;;;;;;;;;;;;
2021-08-13 00:00:00;6660;4;((24, 1), 34.7, 4.1, 28.7, '2021-08-13T12:00:00');;((24, 1), 22.0, 4.1, 27.4, '2021-08-13T03:00:00');;((24, 1), 28.0, 4.1);;;;;;;;;;;;;;;;;;;;;;;;;;;;
2021-08-14 00:00:00;6660;4;((24, 1), 35.6, 4.5, 29.5, '2021-08-14T10:00:00');;((24, 1), 22.9, 4.4, 28.2, '2021-08-14T05:00:00');;((24, 1), 28.8, 4.4);;;;;;;;;;;;;;;;;;;;;;;;;;;;
2021-08-15 00:00:00;6660;4;((24, 1), 37.8, 5.2, 31.1, '2021-08-15T12:00:00');;((24, 1), 24.1, 5.0, 29.6, '2021-08-15T23:00:00');;((24, 1), 30.3, 5.1);;;;;;;;;;;;;;;;;;;;;;;;;;;;
2021-08-16 00:00:00;6660;4;((24, 1), 39.1, 4.4, 31.2, '2021-08-16T12:00:00');;((24, 1), 22.7, 4.2, 29.2, '2021-08-16T05:00:00');;((24, 1), 30.2, 4.4);;;;;;;;;;;;;;;;;;;;;;;;;;;;
2021-08-17 00:00:00;6660;4;((24, 1), 31.2, 2.2, 28.4, '2021-08-17T12:00:00');;((24, 1), 22.5, 2.2, 27.1, '2021-08-17T23:00:00');;((24, 1), 27.8, 2.1);;;;;;;;;;;;;;;;;;;;;;;;;;;;
2021-08-18 00:00:00;6660;4;((24, 1), 31.5, 3.7, 25.7, '2021-08-18T13:00:00');;((24, 1), 19.7, 3.6, 24.5, '2021-08-18T22:00:00');;((24, 1), 25.1, 3.6);;;;;;;;;;;;;;;;;;;;;;;;;;;;
2021-08-19 00:00:00;6660;4;((24, 1), 30.5, 4.6, 24.4, '2021-08-19T11:00:00');;((24, 1), 17.8, 4.5, 23.2, '2021-08-19T05:00:00');;((24, 1), 23.8, 4.6);;;;;;;;;;;;;;;;;;;;;;;;;;;;
2021-08-20 00:00:00;6660;4;((24, 1), 32.0, 4.7, 25.2, '2021-08-20T11:00:00');;((24, 1), 18.6, 4.5, 24.1, '2021-08-20T04:00:00');;((24, 1), 24.6, 4.6);;;;;;;;;;;;;;;;;;;;;;;;;;;;
2021-08-21 00:00:00;6660;4;((24, 1), 34.3, 5.4, 26.5, '2021-08-21T13:00:00');;((24, 1), 19.0, 5.2, 25.1, '2021-08-21T04:00:00');;((24, 1), 25.8, 5.3);;;;;;;;;;;;;;;;;;;;;;;;;;;;
2021-08-22 00:00:00;6660;4;((24, 1), 35.2, 5.5, 27.7, '2021-08-22T12:00:00');;((24, 1), 20.0, 5.3, 26.3, '2021-08-22T05:00:00');;((24, 1), 27.0, 5.4);;;;;;;;;;;;;;;;;;;;;;;;;;;;
2021-08-23 00:00:00;6660;4;((24, 1), 32.5, 4.2, 26.6, '2021-08-23T11:00:00');;((24, 1), 20.2, 4.1, 25.2, '2021-08-23T23:00:00');;((24, 1), 25.9, 4.2);;;;;;;;;;;;;;;;;;;;;;;;;;;;
2021-08-24 00:00:00;6660;4;((24, 1), 29.1, 2.9, 23.9, '2021-08-24T13:00:00');;((24, 1), 19.7, 2.6, 22.9, '2021-08-24T05:00:00');;((24, 1), 23.4, 2.7);;;;;;;;;;;;;;;;;;;;;;;;;;;;
2021-08-25 00:00:00;6660;4;((24, 1), 26.8, 2.3, 22.5, '2021-08-25T12:00:00');;((24, 1), 18.6, 2.2, 21.5, '2021-08-25T07:00:00');;((24, 1), 22.0, 2.3);;;;;;;;;;;;;;;;;;;;;;;;;;;;
2021-08-26 00:00:00;6660;4;((24, 1), 28.1, 3.5, 23.3, '2021-08-26T13:00:00');;((24, 1), 17.5, 3.4, 22.2, '2021-08-26T05:00:00');;((24, 1), 22.8, 3.4);;;;;;;;;;;;;;;;;;;;;;;;;;;;
2021-08-27 00:00:00;6660;4;((24, 1), 29.1, 3.9, 22.8, '2021-08-27T11:00:00');;((24, 1), 18.4, 3.6, 21.6, '2021-08-27T23:00:00');;((24, 1), 22.2, 3.8);;;;;;;;;;;;;;;;;;;;;;;;;;;;
2021-08-28 00:00:00;6660;4;((24, 1), 24.1, 2.2, 19.3, '2021-08-28T09:00:00');;((24, 1), 16.1, 1.9, 18.4, '2021-08-28T13:00:00');;((24, 1), 18.9, 2.1);;;;;;;;;;;;;;;;;;;;;;;;;;;;
2021-08-29 00:00:00;6660;4;((24, 1), 25.6, 4.2, 19.8, '2021-08-29T13:00:00');;((24, 1), 14.0, 3.9, 18.5, '2021-08-29T05:00:00');;((24, 1), 19.1, 4.1);;;;;;;;;;;;;;;;;;;;;;;;;;;;
2021-08-30 00:00:00;6660;4;((24, 1), 27.8, 5.5, 20.6, '2021-08-30T12:00:00');;((24, 1), 12.7, 5.3, 19.4, '2021-08-30T04:00:00');;((24, 1), 20.0, 5.4);;;;;;;;;;;;;;;;;;;;;;;;;;;;
2021-08-31 00:00:00;6660;4;((24, 1), 28.3, 4.8, 21.5, '2021-08-31T11:00:00');;((24, 1), 15.0, 4.5, 20.2, '2021-08-31T03:00:00');;((24, 1), 20.9, 4.7);;;;;;;;;;;;;;;;;;;;;;;;;;;;
2021-09-01 00:00:00;6660;4;((24, 1), 27.4, 4.2, 21.2, '2021-09-01T12:00:00');;((24, 1), 15.5, 3.9, 20.1, '2021-09-01T04:00:00');;((24, 1), 20.7, 4.1);;;;;;;;;;;;;;;;;;;;;;;;;;;;
2021-09-02 00:00:00;6660;4;((24, 1), 26.7, 4.0, 21.3, '2021-09-02T13:00:00');;((24, 1), 15.6, 4.0, 20.2, '2021-09-02T05:00:00');;((24, 1), 20.8, 4.0);;;;;;;;;;;;;;;;;;;;;;;;;;;;
2021-09-03 00:00:00;6660;4;((24, 1), 27.5, 4.4, 21.4, '2021-09-03T11:00:00');;((24, 1), 15.5, 4.1, 20.3, '2021-09-03T05:00:00');;((24, 1), 20.8, 4.3);;;;;;;;;;;;;;;;;;;;;;;;;;;;
2021-09-04 00:00:00;6660;4;((24, 1), 27.3, 3.7, 21.5, '2021-09-04T10:00:00');;((24, 1), 16.0, 3.4, 20.5, '2021-09-04T05:00:00');;((24, 1), 21.0, 3.5);;;;;;;;;;;;;;;;;;;;;;;;;;;;
2021-09-05 00:00:00;6660;4;((24, 1), 28.6, 3.9, 23.1, '2021-09-05T11:00:00');;((24, 1), 18.3, 3.6, 22.0, '2021-09-05T05:00:00');;((24, 1), 22.5, 3.7);;;;;;;;;;;;;;;;;;;;;;;;;;;;
2021-09-06 00:00:00;6660;4;((24, 1), 29.3, 4.4, 22.7, '2021-09-06T12:00:00');;((24, 1), 17.0, 4.1, 21.5, '2021-09-06T05:00:00');;((24, 1), 22.1, 4.2);;;;;;;;;;;;;;;;;;;;;;;;;;;;
2021-09-07 00:00:00;6660;4;((24, 1), 28.9, 4.5, 22.3, '2021-09-07T11:00:00');;((24, 1), 15.9, 4.3, 21.2, '2021-09-07T05:00:00');;((24, 1), 21.7, 4.4);;;;;;;;;;;;;;;;;;;;;;;;;;;;
2021-09-08 00:00:00;6660;4;((24, 1), 29.5, 4.3, 22.7, '2021-09-08T12:00:00');;((24, 1), 17.0, 4.0, 21.4, '2021-09-08T05:00:00');;((24, 1), 22.1, 4.2);;;;;;;;;;;;;;;;;;;;;;;;;;;;
2021-09-09 00:00:00;6660;4;((24, 1), 27.6, 4.2, 22.0, '2021-09-09T12:00:00');;((24, 1), 16.1, 4.2, 20.9, '2021-09-09T05:00:00');;((24, 1), 21.4, 4.2);;;;;;;;;;;;;;;;;;;;;;;;;;;;
2021-09-10 00:00:00;6660;4;((24, 1), 28.8, 4.3, 22.4, '2021-09-10T12:00:00');;((24, 1), 16.7, 4.1, 21.2, '2021-09-10T04:00:00');;((24, 1), 21.8, 4.1);;;;;;;;;;;;;;;;;;;;;;;;;;;;
2021-09-11 00:00:00;6660;4;((24, 1), 27.4, 3.6, 22.3, '2021-09-11T11:00:00');;((24, 1), 17.6, 3.2, 21.2, '2021-09-11T06:00:00');;((24, 1), 21.7, 3.4);;;;;;;;;;;;;;;;;;;;;;;;;;;;
2021-09-12 00:00:00;6660;4;((24, 1), 30.0, 4.8, 23.0, '2021-09-12T13:00:00');;((24, 1), 16.3, 4.6, 21.8, '2021-09-12T05:00:00');;((24, 1), 22.4, 4.7);;;;;;;;;;;;;;;;;;;;;;;;;;;;
2021-09-13 00:00:00;6660;4;((24, 1), 30.3, 4.7, 23.4, '2021-09-13T11:00:00');;((24, 1), 16.6, 4.6, 22.2, '2021-09-13T05:00:00');;((24, 1), 22.8, 4.6);;;;;;;;;;;;;;;;;;;;;;;;;;;;
2021-09-14 00:00:00;6660;4;((24, 1), 32.0, 5.2, 24.7, '2021-09-14T11:00:00');;((24, 1), 17.9, 4.9, 23.4, '2021-09-14T05:00:00');;((24, 1), 24.0, 5.0);;;;;;;;;;;;;;;;;;;;;;;;;;;;
2021-09-15 00:00:00;6660;4;((24, 1), 31.9, 4.0, 25.8, '2021-09-15T11:00:00');;((24, 1), 19.9, 3.7, 24.6, '2021-09-15T04:00:00');;((24, 1), 25.2, 3.9);;;;;;;;;;;;;;;;;;;;;;;;;;;;
2021-09-16 00:00:00;6660;4;((24, 1), 30.4, 3.4, 25.4, '2021-09-16T11:00:00');;((24, 1), 19.1, 3.3, 24.0, '2021-09-16T23:00:00');;((24, 1), 24.7, 3.4);;;;;;;;;;;;;;;;;;;;;;;;;;;;
2021-09-17 00:00:00;6660;4;((24, 1), 30.7, 3.7, 25.1, '2021-09-17T13:00:00');;((24, 1), 18.9, 3.4, 23.6, '2021-09-17T00:00:00');;((24, 1), 24.4, 3.6);;;;;;;;;;;;;;;;;;;;;;;;;;;;
2021-09-18 00:00:00;6660;4;((24, 1), 29.3, 4.1, 23.2, '2021-09-18T13:00:00');;((24, 1), 16.8, 3.8, 21.9, '2021-09-18T03:00:00');;((24, 1), 22.6, 3.9);;;;;;;;;;;;;;;;;;;;;;;;;;;;
2021-09-19 00:00:00;6660;4;((24, 1), 29.9, 4.0, 23.7, '2021-09-19T11:00:00');;((24, 1), 16.6, 3.8, 22.4, '2021-09-19T05:00:00');;((24, 1), 23.0, 3.9);;;;;;;;;;;;;;;;;;;;;;;;;;;;
2021-09-20 00:00:00;6660;4;((24, 1), 28.4, 2.8, 23.2, '2021-09-20T10:00:00');;((24, 1), 17.4, 2.6, 21.9, '2021-09-20T23:00:00');;((24, 1), 22.5, 2.7);;;;;;;;;;;;;;;;;;;;;;;;;;;;
2021-09-21 00:00:00;6660;4;((24, 1), 24.1, 2.3, 20.0, '2021-09-21T08:00:00');;((24, 1), 16.6, 1.9, 19.1, '2021-09-21T23:00:00');;((24, 1), 19.5, 2.0);;;;;;;;;;;;;;;;;;;;;;;;;;;;
2021-09-22 00:00:00;6660;4;((24, 1), 25.0, 4.0, 19.0, '2021-09-22T12:00:00');;((24, 1), 13.8, 3.8, 17.8, '2021-09-22T23:00:00');;((24, 1), 18.4, 3.9);;;;;;;;;;;;;;;;;;;;;;;;;;;;
2021-09-23 00:00:00;6660;4;((24, 1), 25.5, 4.5, 18.4, '2021-09-23T13:00:00');;((24, 1), 12.4, 4.2, 17.2, '2021-09-23T06:00:00');;((24, 1), 17.8, 4.3);;;;;;;;;;;;;;;;;;;;;;;;;;;;
2021-09-24 00:00:00;6660;4;((24, 1), 28.5, 5.9, 20.5, '2021-09-24T12:00:00');;((24, 1), 12.4, 5.7, 19.2, '2021-09-24T02:00:00');;((24, 1), 19.9, 5.8);;;;;;;;;;;;;;;;;;;;;;;;;;;;
2021-09-25 00:00:00;6660;4;((24, 1), 27.9, 4.4, 21.9, '2021-09-25T11:00:00');;((24, 1), 16.3, 4.2, 20.8, '2021-09-25T00:00:00');;((24, 1), 21.4, 4.3);;;;;;;;;;;;;;;;;;;;;;;;;;;;
2021-09-26 00:00:00;6660;4;((24, 1), 29.1, 4.1, 22.7, '2021-09-26T11:00:00');;((24, 1), 16.8, 3.9, 21.5, '2021-09-26T05:00:00');;((24, 1), 22.1, 4.0);;;;;;;;;;;;;;;;;;;;;;;;;;;;
2021-09-27 00:00:00;6660;4;((24, 1), 27.5, 3.4, 21.9, '2021-09-27T12:00:00');;((24, 1), 16.6, 3.1, 20.9, '2021-09-27T03:00:00');;((24, 1), 21.4, 3.2);;;;;;;;;;;;;;;;;;;;;;;;;;;;
2021-09-28 00:00:00;6660;4;((24, 1), 28.1, 3.2, 22.8, '2021-09-28T12:00:00');;((24, 1), 17.8, 2.9, 21.9, '2021-09-28T23:00:00');;((24, 1), 22.3, 3.0);;;;;;;;;;;;;;;;;;;;;;;;;;;;
2021-09-29 00:00:00;6660;4;((24, 1), 28.5, 4.1, 21.7, '2021-09-29T12:00:00');;((24, 1), 16.3, 3.9, 20.6, '2021-09-29T04:00:00');;((24, 1), 21.1, 4.0);;;;;;;;;;;;;;;;;;;;;;;;;;;;
2021-09-30 00:00:00;6660;4;((24, 1), 27.0, 3.3, 21.4, '2021-09-30T12:00:00');;((24, 1), 16.0, 3.0, 20.2, '2021-09-30T04:00:00');;((24, 1), 20.8, 3.1);;;;;;;;;;;;;;;;;;;;;;;;;;;;
2021-10-01 00:00:00;6660;4;((24, 1), 25.8, 3.6, 19.8, '2021-10-01T12:00:00');;((24, 1), 14.8, 3.4, 18.7, '2021-10-01T23:00:00');;((24, 1), 19.2, 3.5);;;;;;;;;;;;;;;;;;;;;;;;;;;;
2021-10-02 00:00:00;6660;4;((24, 1), 24.4, 3.9, 19.1, '2021-10-02T11:00:00');;((24, 1), 13.0, 3.8, 18.0, '2021-10-02T06:00:00');;((24, 1), 18.5, 3.8);;;;;;;;;;;;;;;;;;;;;;;;;;;;
2021-10-03 00:00:00;6660;4;((24, 1), 26.2, 4.0, 20.4, '2021-10-03T12:00:00');;((24, 1), 14.5, 3.9, 19.3, '2021-10-03T06:00:00');;((24, 1), 19.8, 3.9);;;;;;;;;;;;;;;;;;;;;;;;;;;;
2021-10-04 00:00:00;6660;4;((24, 1), 27.7, 4.0, 21.7, '2021-10-04T12:00:00');;((24, 1), 16.3, 3.9, 20.6, '2021-10-04T03:00:00');;((24, 1), 21.1, 4.0);;;;;;;;;;;;;;;;;;;;;;;;;;;;
2021-10-05 00:00:00;6660;4;((24, 1), 25.8, 2.8, 21.6, '2021-10-05T12:00:00');;((24, 1), 15.4, 2.9, 20.3, '2021-10-05T23:00:00');;((24, 1), 21.0, 2.8);;;;;;;;;;;;;;;;;;;;;;;;;;;;
2021-10-06 00:00:00;6660;4;((24, 1), 18.7, 1.1, 17.3, '2021-10-06T04:00:00');;((24, 1), 13.6, 1.1, 16.6, '2021-10-06T23:00:00');;((24, 1), 17.0, 1.1);;;;;;;;;;;;;;;;;;;;;;;;;;;;
2021-10-07 00:00:00;6660;4;((24, 1), 17.0, 1.3, 14.0, '2021-10-07T08:00:00');;((24, 1), 12.4, 0.9, 13.4, '2021-10-07T17:00:00');;((24, 1), 13.7, 1.1);;;;;;;;;;;;;;;;;;;;;;;;;;;;
2021-10-08 00:00:00;6660;4;((24, 1), 14.8, 0.4, 14.3, '2021-10-08T19:00:00');;((24, 1), 13.4, 0.4, 14.1, '2021-10-08T06:00:00');;((24, 1), 14.2, 0.4);;;;;;;;;;;;;;;;;;;;;;;;;;;;
2021-10-09 00:00:00;6660;4;((24, 1), 17.8, 1.7, 14.4, '2021-10-09T12:00:00');;((24, 1), 12.1, 1.2, 13.6, '2021-10-09T23:00:00');;((24, 1), 14.0, 1.5);;;;;;;;;;;;;;;;;;;;;;;;;;;;
2021-10-10 00:00:00;6660;4;((24, 1), 14.0, 1.0, 12.3, '2021-10-10T11:00:00');;((24, 1), 10.6, 0.8, 11.8, '2021-10-10T23:00:00');;((24, 1), 12.1, 0.9);;;;;;;;;;;;;;;;;;;;;;;;;;;;
2021-10-11 00:00:00;6660;4;((24, 1), 14.5, 1.7, 12.2, '2021-10-11T14:00:00');;((24, 1), 9.5, 1.7, 11.7, '2021-10-11T02:00:00');;((24, 1), 12.0, 1.6);;;;;;;;;;;;;;;;;;;;;;;;;;;;
2021-10-12 00:00:00;6660;4;((24, 1), 18.4, 3.0, 14.3, '2021-10-12T11:00:00');;((24, 1), 10.6, 2.9, 13.4, '2021-10-12T06:00:00');;((24, 1), 13.8, 2.9);;;;;;;;;;;;;;;;;;;;;;;;;;;;
2021-10-13 00:00:00;6660;4;((24, 1), 19.6, 3.9, 13.5, '2021-10-13T13:00:00');;((24, 1), 8.4, 3.4, 12.3, '2021-10-13T23:00:00');;((24, 1), 12.9, 3.7);;;;;;;;;;;;;;;;;;;;;;;;;;;;
2021-10-14 00:00:00;6660;4;((24, 1), 15.9, 3.2, 11.0, '2021-10-14T10:00:00');;((24, 1), 6.4, 2.7, 10.0, '2021-10-14T06:00:00');;((24, 1), 10.5, 3.0);;;;;;;;;;;;;;;;;;;;;;;;;;;;
2021-10-15 00:00:00;6660;4;((24, 1), 16.6, 2.8, 12.7, '2021-10-15T13:00:00');;((24, 1), 8.1, 2.7, 11.9, '2021-10-15T00:00:00');;((24, 1), 12.3, 2.8);;;;;;;;;;;;;;;;;;;;;;;;;;;;
2021-10-16 00:00:00;6660;4;((24, 1), 19.5, 3.4, 14.6, '2021-10-16T12:00:00');;((24, 1), 10.1, 3.3, 13.7, '2021-10-16T01:00:00');;((24, 1), 14.1, 3.3);;;;;;;;;;;;;;;;;;;;;;;;;;;;
2021-10-17 00:00:00;6660;4;((24, 1), 18.7, 2.2, 14.9, '2021-10-17T12:00:00');;((24, 1), 11.3, 2.0, 14.3, '2021-10-17T00:00:00');;((24, 1), 14.6, 2.1);;;;;;;;;;;;;;;;;;;;;;;;;;;;
2021-10-18 00:00:00;6660;4;((24, 1), 20.8, 3.7, 14.7, '2021-10-18T10:00:00');;((24, 1), 9.9, 3.4, 13.6, '2021-10-18T06:00:00');;((24, 1), 14.2, 3.6);;;;;;;;;;;;;;;;;;;;;;;;;;;;
2021-10-19 00:00:00;6660;4;((24, 1), 21.5, 4.3, 14.7, '2021-10-19T12:00:00');;((24, 1), 9.5, 4.0, 13.6, '2021-10-19T05:00:00');;((24, 1), 14.1, 4.2);;;;;;;;;;;;;;;;;;;;;;;;;;;;
2021-10-20 00:00:00;6660;4;((24, 1), 22.0, 4.3, 15.8, '2021-10-20T10:00:00');;((24, 1), 10.4, 4.0, 14.7, '2021-10-20T23:00:00');;((24, 1), 15.2, 4.1);;;;;;;;;;;;;;;;;;;;;;;;;;;;
2021-10-21 00:00:00;6660;4;((24, 1), 18.0, 2.9, 14.1, '2021-10-21T16:00:00');;((24, 1), 8.5, 3.0, 13.0, '2021-10-21T06:00:00');;((24, 1), 13.5, 3.0);;;;;;;;;;;;;;;;;;;;;;;;;;;;
2021-10-22 00:00:00;6660;4;((24, 1), 21.8, 2.9, 16.7, '2021-10-22T13:00:00');;((24, 1), 11.7, 2.8, 15.8, '2021-10-22T01:00:00');;((24, 1), 16.2, 2.8);;;;;;;;;;;;;;;;;;;;;;;;;;;;
2021-10-23 00:00:00;6660;4;((24, 1), 19.3, 1.8, 16.3, '2021-10-23T11:00:00');;((24, 1), 13.5, 1.7, 15.7, '2021-10-23T04:00:00');;((24, 1), 16.0, 1.8);;;;;;;;;;;;;;;;;;;;;;;;;;;;
2021-10-24 00:00:00;6660;4;((24, 1), 18.7, 2.8, 14.8, '2021-10-24T13:00:00');;((24, 1), 9.1, 2.6, 14.0, '2021-10-24T22:00:00');;((24, 1), 14.4, 2.7);;;;;;;;;;;;;;;;;;;;;;;;;;;;
2021-10-25 00:00:00;6660;4;((24, 1), 17.9, 3.3, 13.1, '2021-10-25T12:00:00');;((24, 1), 8.3, 3.1, 12.3, '2021-10-25T05:00:00');;((24, 1), 12.7, 3.2);;;;;;;;;;;;;;;;;;;;;;;;;;;;
2021-10-26 00:00:00;6660;4;((24, 1), 18.1, 1.9, 14.6, '2021-10-26T11:00:00');;((24, 1), 11.5, 1.8, 14.0, '2021-10-26T04:00:00');;((24, 1), 14.3, 1.9);;;;;;;;;;;;;;;;;;;;;;;;;;;;
2021-10-27 00:00:00;6660;4;((24, 1), 19.7, 2.8, 15.3, '2021-10-27T12:00:00');;((24, 1), 10.8, 2.6, 14.5, '2021-10-27T23:00:00');;((24, 1), 14.9, 2.7);;;;;;;;;;;;;;;;;;;;;;;;;;;;
2021-10-28 00:00:00;6660;4;((24, 1), 20.3, 3.7, 14.1, '2021-10-28T12:00:00');;((24, 1), 9.0, 3.3, 13.1, '2021-10-28T06:00:00');;((24, 1), 13.6, 3.6);;;;;;;;;;;;;;;;;;;;;;;;;;;;
2021-10-29 00:00:00;6660;4;((24, 1), 18.7, 3.6, 12.6, '2021-10-29T12:00:00');;((24, 1), 7.9, 3.4, 11.5, '2021-10-29T06:00:00');;((24, 1), 12.0, 3.5);;;;;;;;;;;;;;;;;;;;;;;;;;;;
2021-10-30 00:00:00;6660;4;((24, 1), 19.0, 3.7, 12.8, '2021-10-30T13:00:00');;((24, 1), 8.1, 3.4, 11.8, '2021-10-30T03:00:00');;((24, 1), 12.3, 3.6);;;;;;;;;;;;;;;;;;;;;;;;;;;;
2021-10-31 00:00:00;6660;4;((24, 1), 19.3, 3.1, 14.2, '2021-10-31T12:00:00');;((24, 1), 9.7, 2.8, 13.4, '2021-10-31T04:00:00');;((24, 1), 13.8, 3.0);;;;;;;;;;;;;;;;;;;;;;;;;;;;
2021-11-01 00:00:00;6660;4;((24, 1), 17.5, 1.5, 14.8, '2021-11-01T12:00:00');;((24, 1), 12.9, 1.4, 14.3, '2021-11-01T00:00:00');;((24, 1), 14.6, 1.4);;;;;;;;;;;;;;;;;;;;;;;;;;;;
2021-11-02 00:00:00;6660;4;((24, 1), 23.0, 4.1, 17.2, '2021-11-02T13:00:00');;((24, 1), 10.2, 4.3, 15.4, '2021-11-02T23:00:00');;((24, 1), 16.2, 4.3);;;;;;;;;;;;;;;;;;;;;;;;;;;;
2021-11-03 00:00:00;6660;4;((24, 1), 15.4, 1.4, 12.7, '2021-11-03T15:00:00');;((24, 1), 9.8, 1.5, 11.9, '2021-11-03T03:00:00');;((24, 1), 12.3, 1.5);;;;;;;;;;;;;;;;;;;;;;;;;;;;
2021-11-04 00:00:00;6660;4;((24, 1), 22.3, 3.4, 16.2, '2021-11-04T11:00:00');;((24, 1), 11.2, 3.1, 14.8, '2021-11-04T22:00:00');;((24, 1), 15.5, 3.2);;;;;;;;;;;;;;;;;;;;;;;;;;;;
2021-11-05 00:00:00;6660;4;((24, 1), 16.2, 1.9, 12.4, '2021-11-05T12:00:00');;((24, 1), 9.9, 1.6, 11.8, '2021-11-05T06:00:00');;((24, 1), 12.1, 1.8);;;;;;;;;;;;;;;;;;;;;;;;;;;;
2021-11-06 00:00:00;6660;4;((24, 1), 14.2, 1.0, 12.5, '2021-11-06T14:00:00');;((24, 1), 11.2, 1.0, 12.3, '2021-11-06T00:00:00');;((24, 1), 12.4, 1.0);;;;;;;;;;;;;;;;;;;;;;;;;;;;
2021-11-07 00:00:00;6660;4;((24, 1), 15.3, 1.3, 12.9, '2021-11-07T11:00:00');;((24, 1), 11.2, 1.2, 12.6, '2021-11-07T04:00:00');;((24, 1), 12.7, 1.2);;;;;;;;;;;;;;;;;;;;;;;;;;;;
2021-11-08 00:00:00;6660;4;((24, 1), 15.0, 0.7, 13.5, '2021-11-08T13:00:00');;((24, 1), 12.7, 0.6, 13.2, '2021-11-08T02:00:00');;((24, 1), 13.3, 0.7);;;;;;;;;;;;;;;;;;;;;;;;;;;;
2021-11-09 00:00:00;6660;4;((24, 1), 14.7, 0.7, 13.3, '2021-11-09T12:00:00');;((24, 1), 12.4, 0.6, 13.0, '2021-11-09T05:00:00');;((24, 1), 13.2, 0.6);;;;;;;;;;;;;;;;;;;;;;;;;;;;
2021-11-10 00:00:00;6660;4;((24, 1), 15.5, 0.8, 14.0, '2021-11-10T13:00:00');;((24, 1), 13.0, 0.7, 13.8, '2021-11-10T00:00:00');;((24, 1), 13.9, 0.7);;;;;;;;;;;;;;;;;;;;;;;;;;;;
2021-11-11 00:00:00;6660;4;((24, 1), 15.1, 0.6, 13.9, '2021-11-11T12:00:00');;((24, 1), 12.7, 0.6, 13.6, '2021-11-11T06:00:00');;((24, 1), 13.7, 0.6);;;;;;;;;;;;;;;;;;;;;;;;;;;;
2021-11-12 00:00:00;6660;4;((24, 1), 16.1, 1.3, 14.0, '2021-11-12T13:00:00');;((24, 1), 11.6, 1.2, 13.6, '2021-11-12T23:00:00');;((24, 1), 13.8, 1.2);;;;;;;;;;;;;;;;;;;;;;;;;;;;
2021-11-13 00:00:00;6660;4;((24, 1), 19.8, 2.8, 14.8, '2021-11-13T13:00:00');;((24, 1), 11.2, 2.5, 14.0, '2021-11-13T23:00:00');;((24, 1), 14.4, 2.7);;;;;;;;;;;;;;;;;;;;;;;;;;;;
2021-11-14 00:00:00;6660;4;((24, 1), 19.4, 3.1, 13.6, '2021-11-14T11:00:00');;((24, 1), 9.4, 2.8, 12.6, '2021-11-14T03:00:00');;((24, 1), 13.1, 2.9);;;;;;;;;;;;;;;;;;;;;;;;;;;;
2021-11-15 00:00:00;6660;4;((24, 1), 20.6, 2.9, 14.8, '2021-11-15T11:00:00');;((24, 1), 10.0, 2.6, 13.9, '2021-11-15T05:00:00');;((24, 1), 14.3, 2.8);;;;;;;;;;;;;;;;;;;;;;;;;;;;
2021-11-16 00:00:00;6660;4;((24, 1), 14.1, 0.6, 12.6, '2021-11-16T00:00:00');;((24, 1), 10.1, 0.7, 12.3, '2021-11-16T23:00:00');;((24, 1), 12.5, 0.6);;;;;;;;;;;;;;;;;;;;;;;;;;;;
2021-11-17 00:00:00;6660;4;((24, 1), 15.8, 1.8, 12.6, '2021-11-17T12:00:00');;((24, 1), 9.9, 1.7, 12.1, '2021-11-17T01:00:00');;((24, 1), 12.4, 1.7);;;;;;;;;;;;;;;;;;;;;;;;;;;;
2021-11-18 00:00:00;6660;4;((24, 1), 13.4, 0.3, 13.0, '2021-11-18T15:00:00');;((24, 1), 12.2, 0.3, 12.8, '2021-11-18T00:00:00');;((24, 1), 12.9, 0.3);;;;;;;;;;;;;;;;;;;;;;;;;;;;
2021-11-19 00:00:00;6660;4;((24, 1), 19.6, 3.1, 13.9, '2021-11-19T12:00:00');;((24, 1), 8.5, 2.9, 12.9, '2021-11-19T21:00:00');;((24, 1), 13.4, 3.0);;;;;;;;;;;;;;;;;;;;;;;;;;;;
2021-11-20 00:00:00;6660;4;((24, 1), 16.2, 3.0, 11.5, '2021-11-20T12:00:00');;((24, 1), 6.0, 3.0, 10.4, '2021-11-20T07:00:00');;((24, 1), 11.0, 3.0);;;;;;;;;;;;;;;;;;;;;;;;;;;;
2021-11-21 00:00:00;6660;4;((24, 1), 13.7, 2.2, 10.3, '2021-11-21T14:00:00');;((24, 1), 6.7, 2.1, 9.6, '2021-11-21T07:00:00');;((24, 1), 10.0, 2.1);;;;;;;;;;;;;;;;;;;;;;;;;;;;
2021-11-22 00:00:00;6660;4;((24, 1), 17.3, 2.5, 12.4, '2021-11-22T11:00:00');;((24, 1), 8.3, 2.4, 11.7, '2021-11-22T02:00:00');;((24, 1), 12.1, 2.5);;;;;;;;;;;;;;;;;;;;;;;;;;;;
2021-11-23 00:00:00;6660;4;((24, 1), 13.1, 0.6, 11.7, '2021-11-23T03:00:00');;((24, 1), 10.8, 0.6, 11.5, '2021-11-23T23:00:00');;((24, 1), 11.6, 0.6);;;;;;;;;;;;;;;;;;;;;;;;;;;;
2021-11-24 00:00:00;6660;4;((24, 1), 13.0, 1.0, 11.2, '2021-11-24T12:00:00');;((24, 1), 8.7, 1.1, 10.7, '2021-11-24T07:00:00');;((24, 1), 10.9, 1.0);;;;;;;;;;;;;;;;;;;;;;;;;;;;
2021-11-25 00:00:00;6660;4;((24, 1), 17.6, 2.3, 12.0, '2021-11-25T13:00:00');;((24, 1), 9.9, 1.6, 11.3, '2021-11-25T02:00:00');;((24, 1), 11.6, 1.9);;;;;;;;;;;;;;;;;;;;;;;;;;;;
2021-11-26 00:00:00;6660;4;((24, 1), 13.2, 1.3, 11.1, '2021-11-26T22:00:00');;((24, 1), 8.6, 1.1, 10.3, '2021-11-26T07:00:00');;((24, 1), 10.7, 1.2);;;;;;;;;;;;;;;;;;;;;;;;;;;;
2021-11-27 00:00:00;6660;4;((24, 1), 19.5, 3.3, 12.9, '2021-11-27T12:00:00');;((24, 1), 8.1, 3.0, 11.4, '2021-11-27T23:00:00');;((24, 1), 12.1, 3.2);;;;;;;;;;;;;;;;;;;;;;;;;;;;
2021-11-28 00:00:00;6660;4;((24, 1), 14.6, 2.5, 10.6, '2021-11-28T11:00:00');;((24, 1), 5.8, 2.4, 9.0, '2021-11-28T23:00:00');;((24, 1), 9.8, 2.4);;;;;;;;;;;;;;;;;;;;;;;;;;;;
2021-11-29 00:00:00;6660;4;((24, 1), 9.6, 1.4, 6.5, '2021-11-29T10:00:00');;((24, 1), 3.8, 1.3, 5.6, '2021-11-29T03:00:00');;((24, 1), 6.1, 1.3);;;;;;;;;;;;;;;;;;;;;;;;;;;;
2021-11-30 00:00:00;6660;4;((24, 1), 13.2, 3.6, 6.8, '2021-11-30T11:00:00');;((24, 1), 0.8, 3.4, 5.5, '2021-11-30T22:00:00');;((24, 1), 6.1, 3.5);;;;;;;;;;;;;;;;;;;;;;;;;;;;
2021-12-01 00:00:00;6660;4;((24, 1), 15.6, 4.5, 8.9, '2021-12-01T12:00:00');;((24, 1), 1.4, 4.4, 7.2, '2021-12-01T00:00:00');;((24, 1), 8.0, 4.4);;;;;;;;;;;;;;;;;;;;;;;;;;;;
2021-12-02 00:00:00;6660;4;((24, 1), 16.5, 2.6, 11.2, '2021-12-02T11:00:00');;((24, 1), 7.7, 2.2, 10.0, '2021-12-02T04:00:00');;((24, 1), 10.6, 2.4);;;;;;;;;;;;;;;;;;;;;;;;;;;;
2021-12-03 00:00:00;6660;4;((24, 1), 11.0, 1.5, 8.4, '2021-12-03T12:00:00');;((24, 1), 6.0, 1.4, 7.8, '2021-12-03T05:00:00');;((24, 1), 8.1, 1.4);;;;;;;;;;;;;;;;;;;;;;;;;;;;
2021-12-04 00:00:00;6660;4;((24, 1), 13.0, 2.6, 7.9, '2021-12-04T11:00:00');;((24, 1), 3.4, 2.3, 7.0, '2021-12-04T07:00:00');;((24, 1), 7.5, 2.5);;;;;;;;;;;;;;;;;;;;;;;;;;;;
2021-12-05 00:00:00;6660;4;((24, 1), 15.2, 3.3, 10.4, '2021-12-05T03:00:00');;((24, 1), 3.5, 2.9, 8.8, '2021-12-05T22:00:00');;((24, 1), 9.6, 3.0);;;;;;;;;;;;;;;;;;;;;;;;;;;;
2021-12-06 00:00:00;6660;4;((24, 1), 8.5, 1.5, 6.6, '2021-12-06T15:00:00');;((24, 1), 3.9, 1.5, 6.1, '2021-12-06T00:00:00');;((24, 1), 6.4, 1.5);;;;;;;;;;;;;;;;;;;;;;;;;;;;
2021-12-07 00:00:00;6660;4;((24, 1), 10.8, 2.9, 6.1, '2021-12-07T13:00:00');;((24, 1), 2.1, 2.7, 5.2, '2021-12-07T22:00:00');;((24, 1), 5.7, 2.8);;;;;;;;;;;;;;;;;;;;;;;;;;;;
2021-12-08 00:00:00;6660;4;((24, 1), 12.8, 3.4, 5.8, '2021-12-08T14:00:00');;((24, 1), 1.0, 2.9, 4.7, '2021-12-08T04:00:00');;((24, 1), 5.2, 3.1);;;;;;;;;;;;;;;;;;;;;;;;;;;;
2021-12-09 00:00:00;6660;4;((24, 1), 11.5, 2.7, 7.6, '2021-12-09T11:00:00');;((24, 1), 1.6, 2.7, 6.5, '2021-12-09T23:00:00');;((24, 1), 7.0, 2.7);;;;;;;;;;;;;;;;;;;;;;;;;;;;
2021-12-10 00:00:00;6660;4;((24, 1), 10.2, 3.3, 5.4, '2021-12-10T11:00:00');;((24, 1), 0.3, 3.1, 4.4, '2021-12-10T05:00:00');;((24, 1), 4.9, 3.2);;;;;;;;;;;;;;;;;;;;;;;;;;;;
2021-12-11 00:00:00;6660;4;((24, 1), 8.1, 1.2, 6.2, '2021-12-11T08:00:00');;((24, 1), 3.4, 1.1, 5.3, '2021-12-11T00:00:00');;((24, 1), 5.7, 1.1);;;;;;;;;;;;;;;;;;;;;;;;;;;;
2021-12-12 00:00:00;6660;4;((24, 1), 10.4, 1.9, 7.2, '2021-12-12T12:00:00');;((24, 1), 3.9, 1.6, 6.6, '2021-12-12T21:00:00');;((24, 1), 6.9, 1.8);;;;;;;;;;;;;;;;;;;;;;;;;;;;
2021-12-13 00:00:00;6660;4;((24, 1), 16.6, 4.1, 8.4, '2021-12-13T13:00:00');;((24, 1), 4.0, 3.6, 7.2, '2021-12-13T03:00:00');;((24, 1), 7.8, 3.9);;;;;;;;;;;;;;;;;;;;;;;;;;;;
2021-12-14 00:00:00;6660;4;((24, 1), 17.5, 4.3, 9.2, '2021-12-14T12:00:00');;((24, 1), 3.4, 3.9, 7.8, '2021-12-14T04:00:00');;((24, 1), 8.5, 4.1);;;;;;;;;;;;;;;;;;;;;;;;;;;;
2021-12-15 00:00:00;6660;4;((24, 1), 14.8, 3.2, 9.4, '2021-12-15T13:00:00');;((24, 1), 4.8, 2.9, 8.4, '2021-12-15T06:00:00');;((24, 1), 8.9, 3.1);;;;;;;;;;;;;;;;;;;;;;;;;;;;
2021-12-16 00:00:00;6660;4;((24, 1), 13.5, 1.9, 9.5, '2021-12-16T12:00:00');;((24, 1), 6.4, 1.8, 8.6, '2021-12-16T20:00:00');;((24, 1), 9.1, 1.8);;;;;;;;;;;;;;;;;;;;;;;;;;;;
2021-12-17 00:00:00;6660;4;((24, 1), 13.7, 2.7, 9.1, '2021-12-17T14:00:00');;((24, 1), 5.7, 2.4, 8.1, '2021-12-17T23:00:00');;((24, 1), 8.6, 2.6);;;;;;;;;;;;;;;;;;;;;;;;;;;;
2021-12-18 00:00:00;6660;4;((24, 1), 14.5, 3.1, 7.6, '2021-12-18T12:00:00');;((24, 1), 4.0, 2.4, 6.4, '2021-12-18T02:00:00');;((24, 1), 7.0, 2.7);;;;;;;;;;;;;;;;;;;;;;;;;;;;
2021-12-19 00:00:00;6660;4;((24, 1), 18.3, 4.8, 6.9, '2021-12-19T12:00:00');;((24, 1), 0.9, 3.8, 5.3, '2021-12-19T23:00:00');;((24, 1), 6.1, 4.3);;;;;;;;;;;;;;;;;;;;;;;;;;;;
2021-12-20 00:00:00;6660;4;((24, 1), 14.4, 4.7, 7.3, '2021-12-20T13:00:00');;((24, 1), -0.1, 4.6, 6.0, '2021-12-20T05:00:00');;((24, 1), 6.6, 4.7);;;;;;;;;;;;;;;;;;;;;;;;;;;;
2021-12-21 00:00:00;6660;4;((24, 1), 12.8, 1.9, 8.8, '2021-12-21T12:00:00');;((24, 1), 6.3, 1.5, 8.1, '2021-12-21T06:00:00');;((24, 1), 8.5, 1.7);;;;;;;;;;;;;;;;;;;;;;;;;;;;
2021-12-22 00:00:00;6660;4;((24, 1), 10.7, 1.9, 7.6, '2021-12-22T12:00:00');;((24, 1), 3.1, 1.8, 6.9, '2021-12-22T23:00:00');;((24, 1), 7.2, 1.9);;;;;;;;;;;;;;;;;;;;;;;;;;;;
2021-12-23 00:00:00;6660;4;((24, 1), 13.0, 3.7, 6.4, '2021-12-23T13:00:00');;((24, 1), 1.8, 3.3, 5.2, '2021-12-23T08:00:00');;((24, 1), 5.8, 3.6);;;;;;;;;;;;;;;;;;;;;;;;;;;;
2021-12-24 00:00:00;6660;4;((24, 1), 18.1, 5.4, 10.2, '2021-12-24T13:00:00');;((24, 1), 2.2, 5.2, 8.7, '2021-12-24T03:00:00');;((24, 1), 9.4, 5.3);;;;;;;;;;;;;;;;;;;;;;;;;;;;
2021-12-25 00:00:00;6660;4;((24, 1), 19.1, 2.6, 13.8, '2021-12-25T12:00:00');;((24, 1), 9.7, 2.2, 12.3, '2021-12-25T23:00:00');;((24, 1), 13.0, 2.5);;;;;;;;;;;;;;;;;;;;;;;;;;;;
2021-12-26 00:00:00;6660;4;((24, 1), 13.4, 1.4, 10.1, '2021-12-26T01:00:00');;((24, 1), 7.7, 1.2, 9.4, '2021-12-26T08:00:00');;((24, 1), 9.8, 1.3);;;;;;;;;;;;;;;;;;;;;;;;;;;;
2021-12-27 00:00:00;6660;4;((24, 1), 12.1, 1.2, 9.9, '2021-12-27T12:00:00');;((24, 1), 8.2, 1.1, 9.5, '2021-12-27T00:00:00');;((24, 1), 9.7, 1.1);;;;;;;;;;;;;;;;;;;;;;;;;;;;
2021-12-28 00:00:00;6660;4;((24, 1), 15.2, 2.7, 10.6, '2021-12-28T12:00:00');;((24, 1), 6.9, 2.4, 9.5, '2021-12-28T06:00:00');;((24, 1), 10.1, 2.6);;;;;;;;;;;;;;;;;;;;;;;;;;;;
2021-12-29 00:00:00;6660;4;((24, 1), 15.0, 3.1, 9.3, '2021-12-29T13:00:00');;((24, 1), 4.8, 3.0, 8.2, '2021-12-29T07:00:00');;((24, 1), 8.7, 3.0);;;;;;;;;;;;;;;;;;;;;;;;;;;;
2021-12-30 00:00:00;6660;4;((24, 1), 16.0, 4.0, 8.3, '2021-12-30T13:00:00');;((24, 1), 3.0, 3.6, 7.1, '2021-12-30T07:00:00');;((24, 1), 7.7, 3.8);;;;;;;;;;;;;;;;;;;;;;;;;;;;
2021-12-31 00:00:00;6660;4;((24, 1), 13.3, 3.5, 6.8, '2021-12-31T14:00:00');;((24, 1), 2.0, 3.2, 5.5, '2021-12-31T22:00:00');;((24, 1), 6.2, 3.4);;;;;;;;;;;;;;;;;;;;;;;;;;;;
2022-01-01 00:00:00;6660;4;((1, 0), 3.3, None, 3.3, '2022-01-01T00:00:00');;((1, 0), 2.5, None, 2.5, '2022-01-01T00:00:00');;((1, 0), 3.0, None);;;;;;;;;;;;;;;;;;;;;;;;;;;;
